section,row_id,scenario,year,label,classification,amount_usd_m,amount_usd_b,pct_of_5y_base,responsible_entity,funding_instrument,repayment_treatment,restrictions,confidence,rationale,value_1,value_2,value_3,value_4,value_5,value_6,value_7,value_8,notes
meta,META-01,,,disclaimer,,,,,,,,,,,,,,,,,,,"Scenario model for planning/discussion only. Not an investment offer, securities solicitation, return guarantee, approved payout policy, or legal conclusion. No app finance records changed."
meta,META-02,,,canonical_inputs,,,,,,,,,,,,,,,,,,,"Reconciled to docs 11,12,13(for ROI timing only),14,16-19; fee policy in 01; responsibility in 11; legacy capital-ledger/percentage pools HISTORICAL/UNAPPROVED."
meta,META-03,,,five_year_base_usd_b,,,37.51,,,,,,,,,,,,,,,,From 11-program-financial-model
meta,META-CF-COLS,,,annual_commercial_cf_column_legend,,,,,,,,,,,,,,,,,,,value_1=participating_J; value_2=institutions; value_3=operators; value_4=enterprise_customers; amount_usd_m=gross_revenue; value_5=CoS; value_6=OpEx; value_7=distributable_CF; value_8=raw_surplus
meta,META-INST-COLS,,,instrument_returns_column_legend,,,,,,,,,,,,,,,,,,,amount_usd_m=capital; value_1=entity_break_even_year; value_2=investor_payback_year; value_3=MOIC; value_4=IRR; value_5=avg_CoC; value_6=cum_dist; value_7=TV_included
capital_classification,GC-RS-01,,,Global research & stewardship,public_grant_funded,450.0,0.45,1.2,Foundation/steward,Grants/gifts,No investor repayment,No payout from restricted grants; no investor control of governance/oversight; personal data not an asset class,L-M,Foundation/steward; grants + unrestricted philanthropy; no investor repayment,,,,,,,,,
capital_classification,GC-CP-01,,,Core platform engineering,potentially_blended_finance,1600.0,1.6,4.27,Core + commercial slice,Grants + limited private,Private tranche capped return only on commercial slice,No payout from restricted grants; no investor control of governance/oversight; personal data not an asset class,L-M,Public-interest reference core mostly grant; commercial-adjacent APIs/services slice investable,,,,,,,,,
capital_classification,GC-LG-01,,,Constitutional/governance/core legal,not_appropriate_for_return_seeking,400.0,0.4,1.07,Foundation/steward,Restricted grants,No return-seeking capital,No payout from restricted grants; no investor control of governance/oversight; personal data not an asset class,L-M,Governance formation; mission-critical; grants/philanthropy,,,,,,,,,
capital_classification,GOV-OV-01,,,Independent oversight body,not_appropriate_for_return_seeking,400.0,0.4,1.07,Independent oversight,Ring-fenced assessments/grants,No return-seeking capital,No payout from restricted grants; no investor control of governance/oversight; personal data not an asset class,L-M,Ring-fenced; investor control prohibited,,,,,,,,,
capital_classification,SA-AS-01,,,Security/privacy/AI assurance (core),potentially_blended_finance,700.0,0.7,1.87,Core + independent share,Grants + blended,Public tranche no repayment,No payout from restricted grants; no investor control of governance/oversight; personal data not an asset class,L-M,Mostly public/grant; limited commercial co-finance for enterprise assurance products,,,,,,,,,
capital_classification,SA-AS-02,,,Independently contracted assurance,not_appropriate_for_return_seeking,150.0,0.15,0.4,Independent oversight,Ring-fenced,No return-seeking capital,No payout from restricted grants; no investor control of governance/oversight; personal data not an asset class,L-M,Separation of duties; protected from investor control,,,,,,,,,
capital_classification,OE-OP-01,,,Operator network establishment,operator_financed,600.0,0.6,1.6,Certified operators / SPVs,Operator equity/debt/concessions,Repay via operator CF / availability payments,No payout from restricted grants; no investor control of governance/oversight; personal data not an asset class,L-M,Operator equity/debt/project finance + limited core seed,,,,,,,,,
capital_classification,OR-OP-01,,,Operator network recurring ops,operator_financed,600.0,0.6,1.6,Certified operators,Service revenue / OpEx budgets,Not Civizen equity claim,No payout from restricted grants; no investor control of governance/oversight; personal data not an asset class,L-M,Operator OpEx / service contracts; not Civizen equity,,,,,,,,,
capital_classification,JP-IMP-01,,,Jurisdiction implementation,government_or_multilateral_funded,7000.0,7.0,18.66,Governments/regional,Public budgets/procurement/PPP,No Civizen equity repayment,No payout from restricted grants; no investor control of governance/oversight; personal data not an asset class,L-M,Procurement/budgets/PPP; not Civizen equity,,,,,,,,,
capital_classification,II-LEG-01,,,Institutional & legacy integrations,institutional_procurement,10000.0,10.0,26.66,Participating institutions,Institutional procurement/SOWs,Contract consideration only,No payout from restricted grants; no investor control of governance/oversight; personal data not an asset class,L-M,Institution budgets; may buy commercial services,,,,,,,,,
capital_classification,AL-LOC-01,,,Accessibility & localization,public_grant_funded,800.0,0.8,2.13,Core + J,Grants + J match,No investor repayment,No payout from restricted grants; no investor control of governance/oversight; personal data not an asset class,L-M,Core+J co-finance; inclusion mandate,,,,,,,,,
capital_classification,AE-ADS-01,,,"Adoption, education, support",government_or_multilateral_funded,2800.0,2.8,7.46,Governments/regional,Public budgets,No Civizen equity repayment,No payout from restricted grants; no investor control of governance/oversight; personal data not an asset class,L-M,Mostly J; training may buy commercial TA,,,,,,,,,
capital_classification,EG-CAP-01,,,Ecosystem grants & capacity,public_grant_funded,1500.0,1.5,4.0,Philanthropy (administered),Grants pass-through,No investor repayment,No payout from restricted grants; no investor control of governance/oversight; personal data not an asset class,L-M,90% pass-through; no repayment to investors,,,,,,,,,
capital_classification,RV-ALL-01,,,Protected reserves portfolio,protected_reserve,4000.0,4.0,10.66,Multi-party reserve trustees,Restricted reserve contributions,No repayment; stated-risk drawdown only,No payout from restricted grants; no investor control of governance/oversight; personal data not an asset class,L-M,Not OpEx; not distributable to investors,,,,,,,,,
capital_classification,CP-ID-01,,,Identity & credential interop,not_appropriate_for_return_seeking,350.0,0.35,0.93,Foundation/core public,Grants/public,No return-seeking; no identity access profit,No payout from restricted grants; no investor control of governance/oversight; personal data not an asset class,L-M,Public infrastructure; no profit from mandatory identity access,,,,,,,,,
capital_classification,CP-PAY-01,,,Economic infra standards & hooks,commercially_investable,500.0,0.5,1.33,Commercial services entity (adjacent),Commercial equity/debt/RR,Return-seeking in commercial entity only,No payout from restricted grants; no investor control of governance/oversight; personal data not an asset class,L-M,Hooks/standards public; commercial rails/services adjacent investable,,,,,,,,,
capital_classification,CP-AUD-01,,,Audit & dispute shared tooling,not_appropriate_for_return_seeking,350.0,0.35,0.93,Independent oversight,Ring-fenced,No return-seeking capital,No payout from restricted grants; no investor control of governance/oversight; personal data not an asset class,L-M,Oversight-linked; protected,,,,,,,,,
capital_classification,SD-HEA-01,,,Sector domain framework SD-HEA-01,government_or_multilateral_funded,280.0,0.28,0.75,Multilateral/research consortium,Consortia grants/DFI/blended,Public tranche typically no repayment,No payout from restricted grants; no investor control of governance/oversight; personal data not an asset class,L,Consortium/grant/research; blended first-loss possible; deployment in J/II,,,,,,,,,
capital_classification,SD-ECO-01,,,Sector domain framework SD-ECO-01,government_or_multilateral_funded,320.0,0.32,0.85,Multilateral/research consortium,Consortia grants/DFI/blended,Public tranche typically no repayment,No payout from restricted grants; no investor control of governance/oversight; personal data not an asset class,L,Consortium/grant/research; blended first-loss possible; deployment in J/II,,,,,,,,,
capital_classification,SD-FIN-01,,,Sector domain framework SD-FIN-01,government_or_multilateral_funded,350.0,0.35,0.93,Multilateral/research consortium,Consortia grants/DFI/blended,Public tranche typically no repayment,No payout from restricted grants; no investor control of governance/oversight; personal data not an asset class,L,Consortium/grant/research; blended first-loss possible; deployment in J/II,,,,,,,,,
capital_classification,SD-TAX-01,,,Sector domain framework SD-TAX-01,government_or_multilateral_funded,240.0,0.24,0.64,Multilateral/research consortium,Consortia grants/DFI/blended,Public tranche typically no repayment,No payout from restricted grants; no investor control of governance/oversight; personal data not an asset class,L,Consortium/grant/research; blended first-loss possible; deployment in J/II,,,,,,,,,
capital_classification,SD-EDU-01,,,Sector domain framework SD-EDU-01,government_or_multilateral_funded,250.0,0.25,0.67,Multilateral/research consortium,Consortia grants/DFI/blended,Public tranche typically no repayment,No payout from restricted grants; no investor control of governance/oversight; personal data not an asset class,L,Consortium/grant/research; blended first-loss possible; deployment in J/II,,,,,,,,,
capital_classification,SD-SCI-01,,,Sector domain framework SD-SCI-01,government_or_multilateral_funded,160.0,0.16,0.43,Multilateral/research consortium,Consortia grants/DFI/blended,Public tranche typically no repayment,No payout from restricted grants; no investor control of governance/oversight; personal data not an asset class,L,Consortium/grant/research; blended first-loss possible; deployment in J/II,,,,,,,,,
capital_classification,SD-HOU-01,,,Sector domain framework SD-HOU-01,government_or_multilateral_funded,200.0,0.2,0.53,Multilateral/research consortium,Consortia grants/DFI/blended,Public tranche typically no repayment,No payout from restricted grants; no investor control of governance/oversight; personal data not an asset class,L,Consortium/grant/research; blended first-loss possible; deployment in J/II,,,,,,,,,
capital_classification,SD-FOO-01,,,Sector domain framework SD-FOO-01,government_or_multilateral_funded,190.0,0.19,0.51,Multilateral/research consortium,Consortia grants/DFI/blended,Public tranche typically no repayment,No payout from restricted grants; no investor control of governance/oversight; personal data not an asset class,L,Consortium/grant/research; blended first-loss possible; deployment in J/II,,,,,,,,,
capital_classification,SD-ENE-01,,,Sector domain framework SD-ENE-01,government_or_multilateral_funded,210.0,0.21,0.56,Multilateral/research consortium,Consortia grants/DFI/blended,Public tranche typically no repayment,No payout from restricted grants; no investor control of governance/oversight; personal data not an asset class,L,Consortium/grant/research; blended first-loss possible; deployment in J/II,,,,,,,,,
capital_classification,SD-TRA-01,,,Sector domain framework SD-TRA-01,government_or_multilateral_funded,210.0,0.21,0.56,Multilateral/research consortium,Consortia grants/DFI/blended,Public tranche typically no repayment,No payout from restricted grants; no investor control of governance/oversight; personal data not an asset class,L,Consortium/grant/research; blended first-loss possible; deployment in J/II,,,,,,,,,
capital_classification,SD-COM-01,,,Sector domain framework SD-COM-01,government_or_multilateral_funded,150.0,0.15,0.4,Multilateral/research consortium,Consortia grants/DFI/blended,Public tranche typically no repayment,No payout from restricted grants; no investor control of governance/oversight; personal data not an asset class,L,Consortium/grant/research; blended first-loss possible; deployment in J/II,,,,,,,,,
capital_classification,SD-ENV-01,,,Sector domain framework SD-ENV-01,government_or_multilateral_funded,220.0,0.22,0.59,Multilateral/research consortium,Consortia grants/DFI/blended,Public tranche typically no repayment,No payout from restricted grants; no investor control of governance/oversight; personal data not an asset class,L,Consortium/grant/research; blended first-loss possible; deployment in J/II,,,,,,,,,
capital_classification,SD-SOC-01,,,Sector domain framework SD-SOC-01,government_or_multilateral_funded,220.0,0.22,0.59,Multilateral/research consortium,Consortia grants/DFI/blended,Public tranche typically no repayment,No payout from restricted grants; no investor control of governance/oversight; personal data not an asset class,L,Consortium/grant/research; blended first-loss possible; deployment in J/II,,,,,,,,,
capital_classification,SD-JUS-01,,,Sector domain framework SD-JUS-01,government_or_multilateral_funded,280.0,0.28,0.75,Multilateral/research consortium,Consortia grants/DFI/blended,Public tranche typically no repayment,No payout from restricted grants; no investor control of governance/oversight; personal data not an asset class,L,Consortium/grant/research; blended first-loss possible; deployment in J/II,,,,,,,,,
capital_classification,SD-RGT-01,,,Sector domain framework SD-RGT-01,government_or_multilateral_funded,160.0,0.16,0.43,Multilateral/research consortium,Consortia grants/DFI/blended,Public tranche typically no repayment,No payout from restricted grants; no investor control of governance/oversight; personal data not an asset class,L,Consortium/grant/research; blended first-loss possible; deployment in J/II,,,,,,,,,
capital_classification,SD-MIG-01,,,Sector domain framework SD-MIG-01,government_or_multilateral_funded,240.0,0.24,0.64,Multilateral/research consortium,Consortia grants/DFI/blended,Public tranche typically no repayment,No payout from restricted grants; no investor control of governance/oversight; personal data not an asset class,L,Consortium/grant/research; blended first-loss possible; deployment in J/II,,,,,,,,,
capital_classification,SD-EMR-01,,,Sector domain framework SD-EMR-01,government_or_multilateral_funded,200.0,0.2,0.53,Multilateral/research consortium,Consortia grants/DFI/blended,Public tranche typically no repayment,No payout from restricted grants; no investor control of governance/oversight; personal data not an asset class,L,Consortium/grant/research; blended first-loss possible; deployment in J/II,,,,,,,,,
capital_classification,SD-CUL-01,,,Sector domain framework SD-CUL-01,government_or_multilateral_funded,130.0,0.13,0.35,Multilateral/research consortium,Consortia grants/DFI/blended,Public tranche typically no repayment,No payout from restricted grants; no investor control of governance/oversight; personal data not an asset class,L,Consortium/grant/research; blended first-loss possible; deployment in J/II,,,,,,,,,
capital_classification,SD-IND-01,,,Sector domain framework SD-IND-01,government_or_multilateral_funded,180.0,0.18,0.48,Multilateral/research consortium,Consortia grants/DFI/blended,Public tranche typically no repayment,No payout from restricted grants; no investor control of governance/oversight; personal data not an asset class,L,Consortium/grant/research; blended first-loss possible; deployment in J/II,,,,,,,,,
capital_classification,SD-CON-01,,,Sector domain framework SD-CON-01,government_or_multilateral_funded,110.0,0.11,0.29,Multilateral/research consortium,Consortia grants/DFI/blended,Public tranche typically no repayment,No payout from restricted grants; no investor control of governance/oversight; personal data not an asset class,L,Consortium/grant/research; blended first-loss possible; deployment in J/II,,,,,,,,,
capital_classification,SD-DEF-01,,,Sector domain framework SD-DEF-01,government_or_multilateral_funded,170.0,0.17,0.45,Multilateral/research consortium,Consortia grants/DFI/blended,Public tranche typically no repayment,No payout from restricted grants; no investor control of governance/oversight; personal data not an asset class,L,Consortium/grant/research; blended first-loss possible; deployment in J/II,,,,,,,,,
capital_classification,SD-INT-01,,,Sector domain framework SD-INT-01,government_or_multilateral_funded,200.0,0.2,0.53,Multilateral/research consortium,Consortia grants/DFI/blended,Public tranche typically no repayment,No payout from restricted grants; no investor control of governance/oversight; personal data not an asset class,L,Consortium/grant/research; blended first-loss possible; deployment in J/II,,,,,,,,,
capital_classification,SD-ELE-01,,,Sector domain framework SD-ELE-01,government_or_multilateral_funded,260.0,0.26,0.69,Multilateral/research consortium,Consortia grants/DFI/blended,Public tranche typically no repayment,No payout from restricted grants; no investor control of governance/oversight; personal data not an asset class,L,Consortium/grant/research; blended first-loss possible; deployment in J/II,,,,,,,,,
capital_classification,SD-CSO-01,,,Sector domain framework SD-CSO-01,government_or_multilateral_funded,100.0,0.1,0.27,Multilateral/research consortium,Consortia grants/DFI/blended,Public tranche typically no repayment,No payout from restricted grants; no investor control of governance/oversight; personal data not an asset class,L,Consortium/grant/research; blended first-loss possible; deployment in J/II,,,,,,,,,
capital_classification,SD-MEA-01,,,Sector domain framework SD-MEA-01,government_or_multilateral_funded,150.0,0.15,0.4,Multilateral/research consortium,Consortia grants/DFI/blended,Public tranche typically no repayment,No payout from restricted grants; no investor control of governance/oversight; personal data not an asset class,L,Consortium/grant/research; blended first-loss possible; deployment in J/II,,,,,,,,,
capital_classification,SD-ADD-01,,,Sector domain framework SD-ADD-01,government_or_multilateral_funded,130.0,0.13,0.35,Multilateral/research consortium,Consortia grants/DFI/blended,Public tranche typically no repayment,No payout from restricted grants; no investor control of governance/oversight; personal data not an asset class,L,Consortium/grant/research; blended first-loss possible; deployment in J/II,,,,,,,,,
capital_classification_rollup,ROLL-government_or_multilateral_funded,,,government_or_multilateral_funded,government_or_multilateral_funded,,15.11,40.28,,,,,,,,,,,,,,,
capital_classification_rollup,ROLL-institutional_procurement,,,institutional_procurement,institutional_procurement,,10.0,26.66,,,,,,,,,,,,,,,
capital_classification_rollup,ROLL-protected_reserve,,,protected_reserve,protected_reserve,,4.0,10.66,,,,,,,,,,,,,,,
capital_classification_rollup,ROLL-public_grant_funded,,,public_grant_funded,public_grant_funded,,2.75,7.33,,,,,,,,,,,,,,,
capital_classification_rollup,ROLL-potentially_blended_finance,,,potentially_blended_finance,potentially_blended_finance,,2.3,6.13,,,,,,,,,,,,,,,
capital_classification_rollup,ROLL-not_appropriate_for_return_seeking,,,not_appropriate_for_return_seeking,not_appropriate_for_return_seeking,,1.65,4.4,,,,,,,,,,,,,,,
capital_classification_rollup,ROLL-operator_financed,,,operator_financed,operator_financed,,1.2,3.2,,,,,,,,,,,,,,,
capital_classification_rollup,ROLL-commercially_investable,,,commercially_investable,commercially_investable,,0.5,1.33,,,,,,,,,,,,,,,
investable_summary,INV-low-commercial_entity_equity_debt,low,,commercial_entity_equity_debt,private_return_seeking_addressable,,0.4,1.07,,,,,L,,,,,,,,,,Scenario total 0.90B (2.4% of 37.5B)
investable_summary,INV-low-operator_project_finance,low,,operator_project_finance,private_return_seeking_addressable,,0.3,0.8,,,,,L,,,,,,,,,,Scenario total 0.90B (2.4% of 37.5B)
investable_summary,INV-low-blended_first_loss_mezzanine,low,,blended_first_loss_mezzanine,private_return_seeking_addressable,,0.1,0.27,,,,,L,,,,,,,,,,Scenario total 0.90B (2.4% of 37.5B)
investable_summary,INV-low-capped_revenue_participation,low,,capped_revenue_participation,private_return_seeking_addressable,,0.1,0.27,,,,,L,,,,,,,,,,Scenario total 0.90B (2.4% of 37.5B)
investable_summary,INV-low-TOTAL,low,,total_private_return_seeking_addressable_5y,,,0.9,2.4,,,,,L,,,,,,,,,,
investable_summary,INV-base-commercial_entity_equity_debt,base,,commercial_entity_equity_debt,private_return_seeking_addressable,,1.2,3.2,,,,,L,,,,,,,,,,Scenario total 2.80B (7.5% of 37.5B)
investable_summary,INV-base-operator_project_finance,base,,operator_project_finance,private_return_seeking_addressable,,0.9,2.4,,,,,L,,,,,,,,,,Scenario total 2.80B (7.5% of 37.5B)
investable_summary,INV-base-blended_first_loss_mezzanine,base,,blended_first_loss_mezzanine,private_return_seeking_addressable,,0.4,1.07,,,,,L,,,,,,,,,,Scenario total 2.80B (7.5% of 37.5B)
investable_summary,INV-base-capped_revenue_participation,base,,capped_revenue_participation,private_return_seeking_addressable,,0.3,0.8,,,,,L,,,,,,,,,,Scenario total 2.80B (7.5% of 37.5B)
investable_summary,INV-base-TOTAL,base,,total_private_return_seeking_addressable_5y,,,2.8,7.46,,,,,L,,,,,,,,,,
investable_summary,INV-high-commercial_entity_equity_debt,high,,commercial_entity_equity_debt,private_return_seeking_addressable,,2.5,6.66,,,,,L,,,,,,,,,,Scenario total 6.30B (16.8% of 37.5B)
investable_summary,INV-high-operator_project_finance,high,,operator_project_finance,private_return_seeking_addressable,,2.0,5.33,,,,,L,,,,,,,,,,Scenario total 6.30B (16.8% of 37.5B)
investable_summary,INV-high-blended_first_loss_mezzanine,high,,blended_first_loss_mezzanine,private_return_seeking_addressable,,1.0,2.67,,,,,L,,,,,,,,,,Scenario total 6.30B (16.8% of 37.5B)
investable_summary,INV-high-capped_revenue_participation,high,,capped_revenue_participation,private_return_seeking_addressable,,0.8,2.13,,,,,L,,,,,,,,,,Scenario total 6.30B (16.8% of 37.5B)
investable_summary,INV-high-TOTAL,high,,total_private_return_seeking_addressable_5y,,,6.3,16.8,,,,,L,,,,,,,,,,
investable_summary,INV-HEADLINE,,,headline_private_capital_range_5y_usd_b,,,,,,,,,,,0.9,2.8,6.3,,,,,,low/base/high $B; ~2–17% of 5y ecosystem base
revenue_streams,REV-API,,3,Enterprise API subscriptions,permitted,,,,commercial,,,,L,,Enterprises/institutions,Programmatic access to approved commercial APIs,per seat/month or call tier,$2k–$50k/mo enterprise,0.7,,,,Not citizen-facing essential access
revenue_streams,REV-INT,,3,Institutional integration contracts,permitted,,,,commercial,,,,L,,Banks/hospitals/agencies/universities,Adapter build + support,SOW / fixed+T&M,$0.5M–$15M per integration,0.35,,,,May sit beside J procurement
revenue_streams,REV-IMP,,4,Implementation & migration services,permitted,,,,commercial,,,,L,,Jurisdictions/institutions via commercial vehicle,Delivery services,project,$1M–$40M,0.25,,,,Distinct from public-interest core grants
revenue_streams,REV-INF,,4,Managed infrastructure & hosting,permitted,,,,operator,,,,L,,Operators/institutions,SLA hosting,per node/month,$5k–$200k/mo,0.4,,,,Operator vehicle primary
revenue_streams,REV-OPS,,3,Operator certification & support,permitted,,,,commercial,,,,L,,Certified operators,Certification exams + ongoing support,annual cert + retainer,$50k–$500k/yr,0.55,,,,Mission-compatible
revenue_streams,REV-WFL,,5,Enterprise workflow tools (optional),permitted,,,,commercial,,,,L,,Legal entities,Optional premium workflows,subscription,$500–$5k/seat/yr,0.65,,,,Must not gate essential civic services
revenue_streams,REV-MKT,,6,Commercial marketplace services (B2B),flagged,,,,commercial,,,,L,,Businesses,Optional listing/fulfillment aids,% of B2B GMV or sub,cost+ / listed fee,0.45,,,,No personal-capacity fees; no pay-to-govern
revenue_streams,REV-TRN,,2,"Training, TA, support",permitted,,,,commercial,,,,L,,Institutions/operators/J,Courses + TA,per cohort / day rate,$1k–$5k/day,0.5,,,,Also grant-funded path
revenue_streams,REV-LIC,,5,Licensing / service arrangements,permitted,,,,commercial,,,,L,,Vendors/operators,Certified component licensing,annual license,$10k–$1M,0.8,,,,Must preserve open/public-interest core
revenue_streams,REV-AVL,,5,Availability payments / service contracts,permitted,,,,operator_or_jurisdiction,,,,L,,Governments,Availability of operated services,availability payment,contract-specific,0.2,,,,Public procurement; not equity claim on foundation
revenue_streams,REV-SUB,,4,Jurisdiction/institutional subscriptions,permitted,,,,commercial_or_jurisdiction,,,,L,,J / institutions,Support tiers where lawful,annual,$0.1M–$5M,0.55,,,,Lawful only; no mandatory identity profit
revenue_streams,REV-FEE,,4,Legal-entity transaction cost-recovery,cost_recovery_not_profit,,,,core_or_commercial_ops,,,,L,,Legal entities,Documented processing/audit costs,cost basis,cost-recovery only,0.0,,,,Personal users $0; NOT investor profit
revenue_streams,REV-DAT,,,Sale of personal data,prohibited,,,,—,,,,L,,—,—,—,—,,,,,Hard prohibit
revenue_streams,REV-GOV,,,Sale of governmental authority / pay-to-govern,prohibited,,,,—,,,,L,,—,—,—,—,,,,,Hard prohibit
revenue_streams,REV-IDP,,,Profit from mandatory identity access,prohibited,,,,—,,,,L,,—,—,—,—,,,,,Hard prohibit
revenue_streams,REV-CTX,,,Citizen personal transaction-processing profit,prohibited,,,,—,,,,L,,—,—,—,—,,,,,Hard prohibit; cost-recovery for entities only
revenue_streams,REV-ADS,,,Undisclosed surveillance or advertising,prohibited,,,,—,,,,L,,—,—,—,—,,,,,Hard prohibit
revenue_streams,REV-TAX,,,Diversion of taxes / restricted public funds to investors,prohibited,,,,—,,,,L,,—,—,—,—,,,,,Hard prohibit
annual_commercial_cf,CF-conservative-Y1,conservative,1,commercial_entity_annual,,0.8,,,,,,,L,,0,0,0,1,0.3,55,0.0,-60.7,sec=6; tax=0.0; reserve=0.1; reinvest=0.1; debt=0.0; cap_drawn=60; cum_cap=60
annual_commercial_cf,CF-conservative-Y2,conservative,2,commercial_entity_annual,,6.0,,,,,,,L,,1,2,2,5,2.4,90,0.0,-93.4,sec=6; tax=0.0; reserve=0.4; reinvest=0.6; debt=0.0; cap_drawn=80; cum_cap=140
annual_commercial_cf,CF-conservative-Y3,conservative,3,commercial_entity_annual,,24.0,,,,,,,L,,2,5,5,15,9.6,100,0.0,-113.6,sec=12; tax=0.0; reserve=1.7; reinvest=2.4; debt=11.9; cap_drawn=100; cum_cap=240
annual_commercial_cf,CF-conservative-Y4,conservative,4,commercial_entity_annual,,60.0,,,,,,,L,,4,10,10,40,19.2,100,0.0,-93.3,sec=12; tax=0.0; reserve=4.2; reinvest=6.0; debt=11.9; cap_drawn=100; cum_cap=340
annual_commercial_cf,CF-conservative-Y5,conservative,5,commercial_entity_annual,,140.0,,,,,,,L,,6,18,20,80,44.8,67.2,0.0,-23.2,sec=12; tax=3.5; reserve=9.8; reinvest=14.0; debt=11.9; cap_drawn=60; cum_cap=400
annual_commercial_cf,CF-conservative-Y6,conservative,6,commercial_entity_annual,,220.0,,,,,,,L,,8,25,30,120,70.4,105.6,0.0,-24.3,sec=12; tax=7.0; reserve=15.4; reinvest=22.0; debt=11.9; cap_drawn=0; cum_cap=400
annual_commercial_cf,CF-conservative-Y7,conservative,7,commercial_entity_annual,,320.0,,,,,,,L,,10,35,40,170,102.4,115.2,1.1,1.1,sec=16.0; tax=19.0; reserve=22.4; reinvest=32.0; debt=11.9; cap_drawn=0; cum_cap=400
annual_commercial_cf,CF-conservative-Y8,conservative,8,commercial_entity_annual,,440.0,,,,,,,L,,12,45,55,230,114.4,158.4,39.8,39.8,sec=22.0; tax=31.9; reserve=30.8; reinvest=30.8; debt=11.9; cap_drawn=0; cum_cap=400
annual_commercial_cf,CF-conservative-Y9,conservative,9,commercial_entity_annual,,580.0,,,,,,,L,,15,55,70,300,150.8,208.8,76.5,76.5,sec=29.0; tax=42.1; reserve=20.3; reinvest=40.6; debt=11.9; cap_drawn=0; cum_cap=400
annual_commercial_cf,CF-conservative-Y10,conservative,10,commercial_entity_annual,,740.0,,,,,,,L,,18,70,90,380,192.4,222.0,135.5,135.5,sec=37.0; tax=63.5; reserve=25.9; reinvest=51.8; debt=11.9; cap_drawn=0; cum_cap=400
annual_commercial_cf,CF-conservative-Y11,conservative,11,commercial_entity_annual,,880.0,,,,,,,L,,20,85,110,460,228.8,264.0,163.4,163.4,sec=44.0; tax=75.5; reserve=30.8; reinvest=61.6; debt=11.9; cap_drawn=0; cum_cap=400
annual_commercial_cf,CF-conservative-Y12,conservative,12,commercial_entity_annual,,1040.0,,,,,,,L,,22,100,130,550,270.4,312.0,195.3,195.3,sec=52.0; tax=89.2; reserve=36.4; reinvest=72.8; debt=11.9; cap_drawn=0; cum_cap=400
annual_commercial_cf,CF-conservative-Y13,conservative,13,commercial_entity_annual,,1200.0,,,,,,,L,,25,115,150,650,312.0,360.0,239.0,239.0,sec=60.0; tax=103.0; reserve=42.0; reinvest=84.0; debt=0.0; cap_drawn=0; cum_cap=400
annual_commercial_cf,CF-conservative-Y14,conservative,14,commercial_entity_annual,,1360.0,,,,,,,L,,28,130,170,750,353.6,408.0,270.9,270.9,sec=68.0; tax=116.7; reserve=47.6; reinvest=95.2; debt=0.0; cap_drawn=0; cum_cap=400
annual_commercial_cf,CF-conservative-Y15,conservative,15,commercial_entity_annual,,1520.0,,,,,,,L,,30,150,190,850,395.2,456.0,302.8,302.8,sec=76.0; tax=130.4; reserve=53.2; reinvest=106.4; debt=0.0; cap_drawn=0; cum_cap=400
annual_commercial_cf,CF-base-Y1,base,1,commercial_entity_annual,,2,,,,,,,L-M,,0,1,1,2,0.8,56,0.0,-61.1,sec=6; tax=0.0; reserve=0.1; reinvest=0.2; debt=0.0; cap_drawn=180; cum_cap=180
annual_commercial_cf,CF-base-Y2,base,2,commercial_entity_annual,,15,,,,,,,L-M,,2,5,5,10,6.0,102.5,0.0,-102.1,sec=6; tax=0.0; reserve=1.1; reinvest=1.5; debt=0.0; cap_drawn=240; cum_cap=420
annual_commercial_cf,CF-base-Y3,base,3,commercial_entity_annual,,60,,,,,,,L-M,,4,15,15,30,24.0,100,0.0,-122.0,sec=12; tax=0.0; reserve=4.2; reinvest=6.0; debt=35.8; cap_drawn=300; cum_cap=720
annual_commercial_cf,CF-base-Y4,base,4,commercial_entity_annual,,150,,,,,,,L-M,,8,35,40,80,48.0,105.0,0.0,-76.3,sec=12; tax=0.0; reserve=10.5; reinvest=15.0; debt=35.8; cap_drawn=300; cum_cap=1020
annual_commercial_cf,CF-base-Y5,base,5,commercial_entity_annual,,350,,,,,,,L-M,,15,70,100,180,112.0,168.0,0.0,-54.4,sec=17.5; tax=11.6; reserve=24.5; reinvest=35.0; debt=35.8; cap_drawn=180; cum_cap=1200
annual_commercial_cf,CF-base-Y6,base,6,commercial_entity_annual,,550,,,,,,,L-M,,25,110,150,280,176.0,264.0,0.0,-64.9,sec=27.5; tax=18.1; reserve=38.5; reinvest=55.0; debt=35.8; cap_drawn=0; cum_cap=1200
annual_commercial_cf,CF-base-Y7,base,7,commercial_entity_annual,,800,,,,,,,L-M,,35,160,220,420,256.0,288.0,0.0,-3.3,sec=40.0; tax=47.5; reserve=56.0; reinvest=80.0; debt=35.8; cap_drawn=0; cum_cap=1200
annual_commercial_cf,CF-base-Y8,base,8,commercial_entity_annual,,1100,,,,,,,L-M,,45,220,300,600,286.0,396.0,93.3,93.3,sec=55.0; tax=79.9; reserve=77.0; reinvest=77.0; debt=35.8; cap_drawn=0; cum_cap=1200
annual_commercial_cf,CF-base-Y9,base,9,commercial_entity_annual,,1450,,,,,,,L-M,,55,290,380,800,377.0,522.0,185.1,185.1,sec=72.5; tax=105.3; reserve=50.8; reinvest=101.5; debt=35.8; cap_drawn=0; cum_cap=1200
annual_commercial_cf,CF-base-Y10,base,10,commercial_entity_annual,,1850,,,,,,,L-M,,70,370,480,1050,481.0,555.0,332.7,332.7,sec=92.5; tax=158.7; reserve=64.8; reinvest=129.5; debt=35.8; cap_drawn=0; cum_cap=1200
annual_commercial_cf,CF-base-Y11,base,11,commercial_entity_annual,,2200,,,,,,,L-M,,85,450,580,1300,572.0,660.0,402.4,402.4,sec=110.0; tax=188.8; reserve=77.0; reinvest=154.0; debt=35.8; cap_drawn=0; cum_cap=1200
annual_commercial_cf,CF-base-Y12,base,12,commercial_entity_annual,,2600,,,,,,,L-M,,100,540,680,1600,676.0,780.0,482.1,482.1,sec=130.0; tax=223.1; reserve=91.0; reinvest=182.0; debt=35.8; cap_drawn=0; cum_cap=1200
annual_commercial_cf,CF-base-Y13,base,13,commercial_entity_annual,,3000,,,,,,,L-M,,115,640,780,1900,780.0,900.0,597.6,597.6,sec=150.0; tax=257.4; reserve=105.0; reinvest=210.0; debt=0.0; cap_drawn=0; cum_cap=1200
annual_commercial_cf,CF-base-Y14,base,14,commercial_entity_annual,,3400,,,,,,,L-M,,130,750,880,2200,884.0,1020.0,677.3,677.3,sec=170.0; tax=291.7; reserve=119.0; reinvest=238.0; debt=0.0; cap_drawn=0; cum_cap=1200
annual_commercial_cf,CF-base-Y15,base,15,commercial_entity_annual,,3800,,,,,,,L-M,,145,870,1000,2500,988.0,1140.0,757.0,757.0,sec=190.0; tax=326.0; reserve=133.0; reinvest=266.0; debt=0.0; cap_drawn=0; cum_cap=1200
annual_commercial_cf,CF-growth-Y1,growth,1,commercial_entity_annual,,3.6,,,,,,,L,,0,1,2,3,1.4,68.8,0.0,-73.3,sec=6; tax=0.0; reserve=0.3; reinvest=0.4; debt=0.0; cap_drawn=375; cum_cap=375
annual_commercial_cf,CF-growth-Y2,growth,2,commercial_entity_annual,,27.0,,,,,,,L,,2,8,8,20,10.8,144.5,0.0,-138.9,sec=6; tax=0.0; reserve=1.9; reinvest=2.7; debt=0.0; cap_drawn=500; cum_cap=875
annual_commercial_cf,CF-growth-Y3,growth,3,commercial_entity_annual,,108.0,,,,,,,L,,5,25,25,60,43.2,100,0.0,-140.1,sec=12; tax=0.0; reserve=7.6; reinvest=10.8; debt=74.5; cap_drawn=625; cum_cap=1500
annual_commercial_cf,CF-growth-Y4,growth,4,commercial_entity_annual,,270.0,,,,,,,L,,12,60,60,150,86.4,189.0,0.0,-139.3,sec=13.5; tax=0.0; reserve=18.9; reinvest=27.0; debt=74.5; cap_drawn=625; cum_cap=2125
annual_commercial_cf,CF-growth-Y5,growth,5,commercial_entity_annual,,630.0,,,,,,,L,,25,120,120,350,201.6,302.4,0.0,-107.9,sec=31.5; tax=20.8; reserve=44.1; reinvest=63.0; debt=74.5; cap_drawn=375; cum_cap=2500
annual_commercial_cf,CF-growth-Y6,growth,6,commercial_entity_annual,,990.0,,,,,,,L,,40,200,200,600,316.8,475.2,0.0,-127.0,sec=49.5; tax=32.7; reserve=69.3; reinvest=99.0; debt=74.5; cap_drawn=0; cum_cap=2500
annual_commercial_cf,CF-growth-Y7,growth,7,commercial_entity_annual,,1440.0,,,,,,,L,,55,300,320,950,460.8,518.4,0.0,-16.0,sec=72.0; tax=85.5; reserve=100.8; reinvest=144.0; debt=74.5; cap_drawn=0; cum_cap=2500
annual_commercial_cf,CF-growth-Y8,growth,8,commercial_entity_annual,,1980.0,,,,,,,L,,70,420,450,1400,514.8,712.8,158.0,158.0,sec=99.0; tax=143.7; reserve=138.6; reinvest=138.6; debt=74.5; cap_drawn=0; cum_cap=2500
annual_commercial_cf,CF-growth-Y9,growth,9,commercial_entity_annual,,2610.0,,,,,,,L,,90,560,600,2000,678.6,939.6,323.2,323.2,sec=130.5; tax=189.5; reserve=91.4; reinvest=182.7; debt=74.5; cap_drawn=0; cum_cap=2500
annual_commercial_cf,CF-growth-Y10,growth,10,commercial_entity_annual,,3330.0,,,,,,,L,,110,720,800,2800,865.8,999.0,588.8,588.8,sec=166.5; tax=285.7; reserve=116.6; reinvest=233.1; debt=74.5; cap_drawn=0; cum_cap=2500
annual_commercial_cf,CF-growth-Y11,growth,11,commercial_entity_annual,,3960.0,,,,,,,L,,130,900,1000,3600,1029.6,1188.0,714.3,714.3,sec=198.0; tax=339.8; reserve=138.6; reinvest=277.2; debt=74.5; cap_drawn=0; cum_cap=2500
annual_commercial_cf,CF-growth-Y12,growth,12,commercial_entity_annual,,4680.0,,,,,,,L,,145,1100,1200,4500,1216.8,1404.0,857.8,857.8,sec=234.0; tax=401.5; reserve=163.8; reinvest=327.6; debt=74.5; cap_drawn=0; cum_cap=2500
annual_commercial_cf,CF-growth-Y13,growth,13,commercial_entity_annual,,5400.0,,,,,,,L,,160,1300,1400,5500,1404.0,1620.0,1075.7,1075.7,sec=270.0; tax=463.3; reserve=189.0; reinvest=378.0; debt=0.0; cap_drawn=0; cum_cap=2500
annual_commercial_cf,CF-growth-Y14,growth,14,commercial_entity_annual,,6120.0,,,,,,,L,,175,1500,1600,6500,1591.2,1836.0,1219.1,1219.1,sec=306.0; tax=525.1; reserve=214.2; reinvest=428.4; debt=0.0; cap_drawn=0; cum_cap=2500
annual_commercial_cf,CF-growth-Y15,growth,15,commercial_entity_annual,,6840.0,,,,,,,L,,190,1700,1800,7500,1778.4,2052.0,1362.5,1362.5,sec=342.0; tax=586.9; reserve=239.4; reinvest=478.8; debt=0.0; cap_drawn=0; cum_cap=2500
waterfall_15y_cumulative,WF-conservative-public_interest_weighted,conservative,,public_interest_weighted,,1424.3,,,,,,,L,,0.05,0.05,71.22,71.22,448.65,192.28,192.28,128.19,payout_base=eligible_distributable_commercial_cf; sec_topup=192.28; inclusion=128.19
waterfall_15y_cumulative,WF-conservative-owner_working_hypothesis,conservative,,owner_working_hypothesis,,1424.3,,,,,,,L,,0.1,0.1,142.43,142.43,398.8,170.92,170.92,113.94,payout_base=eligible_distributable_commercial_cf; sec_topup=170.92; inclusion=113.94
waterfall_15y_cumulative,WF-conservative-commercial_growth_case,conservative,,commercial_growth_case,,1424.3,,,,,,,L,,0.15,0.15,213.64,213.64,348.95,149.55,149.55,99.7,payout_base=eligible_distributable_commercial_cf; sec_topup=149.55; inclusion=99.7
waterfall_15y_cumulative,WF-base-public_interest_weighted,base,,public_interest_weighted,,3527.5,,,,,,,L,,0.05,0.05,176.38,176.38,1111.16,476.21,476.21,317.47,payout_base=eligible_distributable_commercial_cf; sec_topup=476.21; inclusion=317.47
waterfall_15y_cumulative,WF-base-owner_working_hypothesis,base,,owner_working_hypothesis,,3527.5,,,,,,,L,,0.1,0.1,352.75,352.75,987.7,423.3,423.3,282.2,payout_base=eligible_distributable_commercial_cf; sec_topup=423.3; inclusion=282.2
waterfall_15y_cumulative,WF-base-commercial_growth_case,base,,commercial_growth_case,,3527.5,,,,,,,L,,0.15,0.15,529.12,529.12,864.24,370.39,370.39,246.93,payout_base=eligible_distributable_commercial_cf; sec_topup=370.39; inclusion=246.93
waterfall_15y_cumulative,WF-growth-public_interest_weighted,growth,,public_interest_weighted,,6299.4,,,,,,,L,,0.05,0.05,314.97,314.97,1984.31,850.42,850.42,566.95,payout_base=eligible_distributable_commercial_cf; sec_topup=850.42; inclusion=566.95
waterfall_15y_cumulative,WF-growth-owner_working_hypothesis,growth,,owner_working_hypothesis,,6299.4,,,,,,,L,,0.1,0.1,629.94,629.94,1763.83,755.93,755.93,503.95,payout_base=eligible_distributable_commercial_cf; sec_topup=755.93; inclusion=503.95
waterfall_15y_cumulative,WF-growth-commercial_growth_case,growth,,commercial_growth_case,,6299.4,,,,,,,L,,0.15,0.15,944.91,944.91,1543.35,661.44,661.44,440.96,payout_base=eligible_distributable_commercial_cf; sec_topup=661.44; inclusion=440.96
policy_hypothesis,POL-BASE,,,recommended_payout_calculation_base,,,,,,,,,,,,,,,,,,,"Eligible distributable commercial cash flow AFTER mandatory costs, taxes, security/continuity, employee/contractor compensation, protected reserves, senior debt, and required reinvestment. NOT gross revenue, NOT grants, NOT restricted funds, NOT citizen fee cost-recovery."
policy_hypothesis,POL-WATERFALL-ORDER,,,provisional_payout_waterfall_order,,,,,,,,,,,,,,,,,,,1 taxes/refunds/protected customer funds/mandatory liabilities; 2 essential ops/continuity; 3 security/privacy/IR/DR/insurance; 4 employee & contracted compensation; 5 protected reserves; 6 senior debt/contractual; 7 required maintenance/reinvestment; 8 eligible investor participation; 9 eligible contributor participation; 10 operator/ecosystem; 11 public-interest/inclusion/research; 12 retained surplus
policy_hypothesis,POL-SUSPEND,,,distribution_suspension_triggers,,,,,,,,,,,,,,,,,,,Reduce/suspend/accrue pools when: continuity reserves < policy; restricted-fund breach risk; security incident drawdown; distributable CF < 50% of base trailing 4Q; debt covenant breach; auditor going-concern; mission-lock violation
policy_hypothesis,POL-WATERFALL-REC,,,provisional_percentage_recommendation,,,,,,,,,,,,,,,,,,,"After solvency tests: prefer owner working hypothesis 10%/10% of eligible distributable commercial CF as planning case, with automatic step-down to 5%/5% under stress triggers; 15%/15% only if growth scenario sustained 8+ quarters and reserves above policy. Remainder always explicitly allocated (retained, security top-up, operator/J, public-interest, research/OSS, inclusion). NOT adopted policy."
instrument_returns,INST-equity_common_commercial-conservative-NTV,conservative,,equity_common_commercial,,266.7,,,,,,,L,,7,none,0.37,-0.0968,0.0415,99.7,0,,Common equity commercial entity; residual; mission lock; no civic voting | Illustrative only. NTV=terminal value flag. Returns depend on speculative adoption/TV.
instrument_returns,INST-equity_common_commercial-conservative-TV,conservative,15,equity_common_commercial,,266.7,,,,,,,L,,7,15,6.43,0.1695,0.7144,1714.8,1615.1,,Common equity commercial entity; residual; mission lock; no civic voting | Illustrative only. TV=terminal value flag. Returns depend on speculative adoption/TV.
instrument_returns,INST-equity_common_commercial-base-NTV,base,,equity_common_commercial,,800.0,,,,,,,L,,8,none,0.31,-0.1141,0.0386,246.9,0,,Common equity commercial entity; residual; mission lock; no civic voting | Illustrative only. NTV=terminal value flag. Returns depend on speculative adoption/TV.
instrument_returns,INST-equity_common_commercial-base-TV,base,15,equity_common_commercial,,800.0,,,,,,,L,,8,15,5.36,0.1517,0.6694,4284.2,4037.3,,Common equity commercial entity; residual; mission lock; no civic voting | Illustrative only. TV=terminal value flag. Returns depend on speculative adoption/TV.
instrument_returns,INST-equity_common_commercial-growth-NTV,growth,,equity_common_commercial,,1666.7,,,,,,,L,,8,none,0.26,-0.1276,0.0331,441.0,0,,Common equity commercial entity; residual; mission lock; no civic voting | Illustrative only. NTV=terminal value flag. Returns depend on speculative adoption/TV.
instrument_returns,INST-equity_common_commercial-growth-TV,growth,15,equity_common_commercial,,1666.7,,,,,,,L,,8,15,4.62,0.1376,0.5781,7707.8,7266.8,,Common equity commercial entity; residual; mission lock; no civic voting | Illustrative only. TV=terminal value flag. Returns depend on speculative adoption/TV.
instrument_returns,INST-preferred_equity_commercial-conservative-NTV,conservative,,preferred_equity_commercial,,100.0,,,,,,,L,,7,none,0.36,-0.1013,0.0396,35.6,0,,Preferred from investor-pool share; soft annual cap illustration | Illustrative only. NTV=terminal value flag. Returns depend on speculative adoption/TV.
instrument_returns,INST-preferred_equity_commercial-conservative-TV,conservative,15,preferred_equity_commercial,,100.0,,,,,,,L,,7,15,6.41,0.1691,0.7125,641.2,605.6,,Preferred from investor-pool share; soft annual cap illustration | Illustrative only. TV=terminal value flag. Returns depend on speculative adoption/TV.
instrument_returns,INST-preferred_equity_commercial-base-NTV,base,,preferred_equity_commercial,,300.0,,,,,,,L,,8,none,0.29,-0.1185,0.0367,88.2,0,,Preferred from investor-pool share; soft annual cap illustration | Illustrative only. NTV=terminal value flag. Returns depend on speculative adoption/TV.
instrument_returns,INST-preferred_equity_commercial-base-TV,base,15,preferred_equity_commercial,,300.0,,,,,,,L,,8,15,5.34,0.1513,0.6676,1602.2,1514.0,,Preferred from investor-pool share; soft annual cap illustration | Illustrative only. TV=terminal value flag. Returns depend on speculative adoption/TV.
instrument_returns,INST-preferred_equity_commercial-growth-NTV,growth,,preferred_equity_commercial,,625.0,,,,,,,L,,8,none,0.22,-0.1467,0.0276,138.1,0,,Preferred from investor-pool share; soft annual cap illustration | Illustrative only. NTV=terminal value flag. Returns depend on speculative adoption/TV.
instrument_returns,INST-preferred_equity_commercial-growth-TV,growth,15,preferred_equity_commercial,,625.0,,,,,,,L,,8,15,4.58,0.1365,0.5726,2863.1,2725.0,,Preferred from investor-pool share; soft annual cap illustration | Illustrative only. TV=terminal value flag. Returns depend on speculative adoption/TV.
instrument_returns,INST-convertible_debt-conservative-NTV,conservative,,convertible_debt,,50.0,,,,,,,L,,7,none,0.14,-0.1811,0.0158,7.1,0,,Converts or capped participation; speculative | Illustrative only. NTV=terminal value flag. Returns depend on speculative adoption/TV.
instrument_returns,INST-convertible_debt-conservative-TV,conservative,15,convertible_debt,,50.0,,,,,,,L,,7,15,6.2,0.1642,0.6887,309.9,302.8,,Converts or capped participation; speculative | Illustrative only. TV=terminal value flag. Returns depend on speculative adoption/TV.
instrument_returns,INST-convertible_debt-base-NTV,base,,convertible_debt,,150.0,,,,,,,L,,8,none,0.12,-0.1964,0.0147,17.6,0,,Converts or capped participation; speculative | Illustrative only. NTV=terminal value flag. Returns depend on speculative adoption/TV.
instrument_returns,INST-convertible_debt-base-TV,base,15,convertible_debt,,150.0,,,,,,,L,,8,15,5.16,0.1467,0.6455,774.6,757.0,,Converts or capped participation; speculative | Illustrative only. TV=terminal value flag. Returns depend on speculative adoption/TV.
instrument_returns,INST-convertible_debt-growth-NTV,growth,,convertible_debt,,312.5,,,,,,,L,,8,none,0.1,-0.2084,0.0126,31.5,0,,Converts or capped participation; speculative | Illustrative only. NTV=terminal value flag. Returns depend on speculative adoption/TV.
instrument_returns,INST-convertible_debt-growth-TV,growth,15,convertible_debt,,312.5,,,,,,,L,,8,15,4.46,0.1329,0.5576,1394.0,1362.5,,Converts or capped participation; speculative | Illustrative only. TV=terminal value flag. Returns depend on speculative adoption/TV.
instrument_returns,INST-project_finance_operator_note-conservative-NTV,conservative,,project_finance_operator_note,,250.0,,,,,,,L,,7,none,0.11,-0.1993,0.0127,28.5,0,,Operator SPV notes; availability-payment backed where applicable | Illustrative only. NTV=terminal value flag. Returns depend on speculative adoption/TV.
instrument_returns,INST-project_finance_operator_note-conservative-TV,conservative,15,project_finance_operator_note,,250.0,,,,,,,L,,7,15,6.17,0.1635,0.6855,1542.5,1514.0,,Operator SPV notes; availability-payment backed where applicable | Illustrative only. TV=terminal value flag. Returns depend on speculative adoption/TV.
instrument_returns,INST-project_finance_operator_note-base-NTV,base,,project_finance_operator_note,,500.0,,,,,,,L,,8,none,0.14,-0.1815,0.0176,70.5,0,,Operator SPV notes; availability-payment backed where applicable | Illustrative only. NTV=terminal value flag. Returns depend on speculative adoption/TV.
instrument_returns,INST-project_finance_operator_note-base-TV,base,15,project_finance_operator_note,,500.0,,,,,,,L,,8,15,5.19,0.1473,0.6485,2593.8,2523.3,,Operator SPV notes; availability-payment backed where applicable | Illustrative only. TV=terminal value flag. Returns depend on speculative adoption/TV.
instrument_returns,INST-project_finance_operator_note-growth-NTV,growth,,project_finance_operator_note,,900.0,,,,,,,L,,8,none,0.14,-0.1819,0.0175,126.0,0,,Operator SPV notes; availability-payment backed where applicable | Illustrative only. NTV=terminal value flag. Returns depend on speculative adoption/TV.
instrument_returns,INST-project_finance_operator_note-growth-TV,growth,15,project_finance_operator_note,,900.0,,,,,,,L,,8,15,4.5,0.134,0.5625,4050.0,3924.0,,Operator SPV notes; availability-payment backed where applicable | Illustrative only. TV=terminal value flag. Returns depend on speculative adoption/TV.
instrument_returns,INST-capped_revenue_participation-conservative-NTV,conservative,15,capped_revenue_participation,,100.0,,,,,,,L,,7,15,1.14,0.0138,0.1266,113.9,0,,Hard MOIC cap to be set in counsel-drafted docs (illustrative 1.5–2.0x) | Illustrative only. NTV=terminal value flag. Returns depend on speculative adoption/TV.
instrument_returns,INST-capped_revenue_participation-conservative-TV,conservative,15,capped_revenue_participation,,100.0,,,,,,,L,,7,15,7.2,0.1861,0.7995,719.5,605.6,,Hard MOIC cap to be set in counsel-drafted docs (illustrative 1.5–2.0x) | Illustrative only. TV=terminal value flag. Returns depend on speculative adoption/TV.
instrument_returns,INST-capped_revenue_participation-base-NTV,base,,capped_revenue_participation,,300.0,,,,,,,L,,8,none,0.75,-0.0306,0.0938,225.1,0,,Hard MOIC cap to be set in counsel-drafted docs (illustrative 1.5–2.0x) | Illustrative only. NTV=terminal value flag. Returns depend on speculative adoption/TV.
instrument_returns,INST-capped_revenue_participation-base-TV,base,15,capped_revenue_participation,,300.0,,,,,,,L,,8,15,5.8,0.1637,0.7246,1739.1,1514.0,,Hard MOIC cap to be set in counsel-drafted docs (illustrative 1.5–2.0x) | Illustrative only. TV=terminal value flag. Returns depend on speculative adoption/TV.
instrument_returns,INST-capped_revenue_participation-growth-NTV,growth,,capped_revenue_participation,,625.0,,,,,,,L,,8,none,0.41,-0.095,0.0509,254.5,0,,Hard MOIC cap to be set in counsel-drafted docs (illustrative 1.5–2.0x) | Illustrative only. NTV=terminal value flag. Returns depend on speculative adoption/TV.
instrument_returns,INST-capped_revenue_participation-growth-TV,growth,15,capped_revenue_participation,,625.0,,,,,,,L,,8,15,4.77,0.1427,0.5959,2979.5,2725.0,,Hard MOIC cap to be set in counsel-drafted docs (illustrative 1.5–2.0x) | Illustrative only. TV=terminal value flag. Returns depend on speculative adoption/TV.
instrument_returns,INST-blended_first_loss-conservative-NTV,conservative,,blended_first_loss,,100.0,,,,,,,L,,7,none,0.14,-0.1811,0.0158,14.2,0,,Catalytic below-market; protects senior public capital | Illustrative only. NTV=terminal value flag. Returns depend on speculative adoption/TV.
instrument_returns,INST-blended_first_loss-conservative-TV,conservative,15,blended_first_loss,,100.0,,,,,,,L,,7,15,6.2,0.1642,0.6887,619.8,605.6,,Catalytic below-market; protects senior public capital | Illustrative only. TV=terminal value flag. Returns depend on speculative adoption/TV.
instrument_returns,INST-blended_first_loss-base-NTV,base,,blended_first_loss,,200.0,,,,,,,L,,8,none,0.18,-0.1629,0.022,35.3,0,,Catalytic below-market; protects senior public capital | Illustrative only. NTV=terminal value flag. Returns depend on speculative adoption/TV.
instrument_returns,INST-blended_first_loss-base-TV,base,15,blended_first_loss,,200.0,,,,,,,L,,8,15,5.22,0.1483,0.6529,1044.6,1009.3,,Catalytic below-market; protects senior public capital | Illustrative only. TV=terminal value flag. Returns depend on speculative adoption/TV.
instrument_returns,INST-blended_first_loss-growth-NTV,growth,,blended_first_loss,,360.0,,,,,,,L,,8,none,0.17,-0.1633,0.0219,63.0,0,,Catalytic below-market; protects senior public capital | Illustrative only. NTV=terminal value flag. Returns depend on speculative adoption/TV.
instrument_returns,INST-blended_first_loss-growth-TV,growth,15,blended_first_loss,,360.0,,,,,,,L,,8,15,4.53,0.135,0.5669,1632.6,1569.6,,Catalytic below-market; protects senior public capital | Illustrative only. TV=terminal value flag. Returns depend on speculative adoption/TV.
instrument_returns,INST-senior_debt-conservative-NTV,conservative,,senior_debt_commercial,,80,,,,,,,L,,3,12,1.0,0.08,0.08,,0,,Debt service taken before distributable pools (~8% illustrative). Senior to equity pools. Mission covenants required.
instrument_returns,INST-senior_debt-base-NTV,base,,senior_debt_commercial,,240,,,,,,,L,,3,12,1.0,0.08,0.08,,0,,Debt service taken before distributable pools (~8% illustrative). Senior to equity pools. Mission covenants required.
instrument_returns,INST-senior_debt-growth-NTV,growth,,senior_debt_commercial,,500,,,,,,,L,,3,12,1.0,0.08,0.08,,0,,Debt service taken before distributable pools (~8% illustrative). Senior to equity pools. Mission covenants required.
instrument_returns,INST-availability_concession,base,,availability_payment_concession,,400,,,,,,,L,,,,,,,,,,Return via government availability payments to operator vehicle — outside commercial-entity CF. Project-finance diligence required.
stress_tests,STRESS-rev_25pct,base,,rev_25pct,,716.3,,,,,,,,,71.63,71.63,suspend_distributions,,,,,,15y cum distributable under revenue shock; sticky costs via frac^1.15
stress_tests,STRESS-rev_50pct,base,,rev_50pct,,1589.4,,,,,,,,,158.94,158.94,reduce_to_5pct_or_accrue,,,,,,15y cum distributable under revenue shock; sticky costs via frac^1.15
stress_tests,STRESS-rev_75pct,base,,rev_75pct,,2534.0,,,,,,,,,253.4,253.4,monitor_stepdown,,,,,,15y cum distributable under revenue shock; sticky costs via frac^1.15
stress_tests,STRESS-launch_delay_2y,base,,launch_delay_2y,,2093.2,,,,,,,,,209.32,209.32,reduce_or_defer,,,,,,Revenue path shifted right
stress_tests,STRESS-launch_delay_5y,base,,launch_delay_5y,,611.1,,,,,,,,,61.11,61.11,defer_accrue,,,,,,Revenue path shifted right
stress_tests,STRESS-no_terminal_value_exit,base,,no_terminal_value_exit,,,,,,,,,,,,,,,,,,,"Without TV, equity payback from 10% distributable pool alone is often beyond Y15 at base — see NTV instrument rows"
stress_tests,STRESS-investor_capital_unavailable,base,,investor_capital_unavailable,,,,,,,,,,,,,,,,,,,"Fall back to grants, procurement, operator self-finance; slower commercial build"
stress_tests,STRESS-in_kind_unavailable,base,,in_kind_unavailable,,,,,,,,,,,,,,,,,,,Critical-path roles must be cash-budgeted; validation cash need rises toward high band
stress_tests,STRESS-security_costs_2x,base,,security_costs_2x,,,,,,,,,,,,,,,,,,,Doubling security reduces distributable; cut pools before security
stress_tests,STRESS-major_jurisdiction_withdrawal,base,,major_jurisdiction_withdrawal,,,,,,,,,,,,,,,,,,,Commercial revenue may drop 15–40%; suspend growth distributions
stress_tests,STRESS-currency_inflation_shock,base,,currency_inflation_shock,,,,,,,,,,,,,,,,,,,USD model; local FX needs explicit rate date; escalate contingency
stress_tests,STRESS-regulatory_block_major_stream,base,,regulatory_block_major_stream,,,,,,,,,,,,,,,,,,,"If APIs/hosting restricted, shift to TA/implementation; lower IRR"
cash_noncash_validation,VAL-MIX-cash_requirement,,,cash_requirement,,410.3,,,,,,,,,0.85,0.92,0.97,,,,,,low/base/high fractions. In-kind is economic value vs cash base; does not auto-reduce cash 1:1. Critical path cash-funded.
cash_noncash_validation,VAL-MIX-in_kind_professional,,,in_kind_professional,,,,,,,,,,,0.08,0.15,0.25,,,,,,low/base/high fractions. In-kind is economic value vs cash base; does not auto-reduce cash 1:1. Critical path cash-funded.
cash_noncash_validation,VAL-MIX-donated_infrastructure,,,donated_infrastructure,,,,,,,,,,,0.01,0.03,0.06,,,,,,low/base/high fractions. In-kind is economic value vs cash base; does not auto-reduce cash 1:1. Critical path cash-funded.
cash_noncash_validation,VAL-MIX-institutional_secondments,,,institutional_secondments,,,,,,,,,,,0.03,0.06,0.12,,,,,,low/base/high fractions. In-kind is economic value vs cash base; does not auto-reduce cash 1:1. Critical path cash-funded.
cash_noncash_validation,VAL-MIX-grants,,,grants,,,,,,,,,,,0.4,0.55,0.7,,,,,,low/base/high fractions. In-kind is economic value vs cash base; does not auto-reduce cash 1:1. Critical path cash-funded.
cash_noncash_validation,VAL-MIX-procurement_revenue,,,procurement_revenue,,,,,,,,,,,0.0,0.02,0.05,,,,,,low/base/high fractions. In-kind is economic value vs cash base; does not auto-reduce cash 1:1. Critical path cash-funded.
cash_noncash_validation,VAL-MIX-private_investment,,,private_investment,,,,,,,,,,,0.0,0.03,0.08,,,,,,low/base/high fractions. In-kind is economic value vs cash base; does not auto-reduce cash 1:1. Critical path cash-funded.
cash_noncash_validation,VAL-MIX-debt,,,debt,,,,,,,,,,,0.0,0.0,0.02,,,,,,low/base/high fractions. In-kind is economic value vs cash base; does not auto-reduce cash 1:1. Critical path cash-funded.
cash_noncash_validation,VAL-MIX-operator_capital,,,operator_capital,,,,,,,,,,,0.0,0.02,0.05,,,,,,low/base/high fractions. In-kind is economic value vs cash base; does not auto-reduce cash 1:1. Critical path cash-funded.
cash_noncash_validation,VAL-MIX-protected_reserves,,,protected_reserves,,,,,,,,,,,0.08,0.094,0.12,,,,,,low/base/high fractions. In-kind is economic value vs cash base; does not auto-reduce cash 1:1. Critical path cash-funded.
cash_noncash_five_year,FY-MIX-cash_requirement,,,cash_requirement,,,30.76,,,,,,,,0.7,0.82,0.9,,,,,,Funding-mix shares; categories overlap and need not sum to 100%.
cash_noncash_five_year,FY-MIX-in_kind_professional,,,in_kind_professional,,,3.75,,,,,,,,0.05,0.1,0.18,,,,,,Funding-mix shares; categories overlap and need not sum to 100%.
cash_noncash_five_year,FY-MIX-donated_infrastructure,,,donated_infrastructure,,,1.13,,,,,,,,0.01,0.03,0.06,,,,,,Funding-mix shares; categories overlap and need not sum to 100%.
cash_noncash_five_year,FY-MIX-institutional_secondments,,,institutional_secondments,,,2.63,,,,,,,,0.03,0.07,0.12,,,,,,Funding-mix shares; categories overlap and need not sum to 100%.
cash_noncash_five_year,FY-MIX-grants,,,grants,,,3.75,,,,,,,,0.05,0.1,0.18,,,,,,Funding-mix shares; categories overlap and need not sum to 100%.
cash_noncash_five_year,FY-MIX-procurement_revenue,,,procurement_revenue,,,16.88,,,,,,,,0.35,0.45,0.55,,,,,,Funding-mix shares; categories overlap and need not sum to 100%.
cash_noncash_five_year,FY-MIX-private_investment,,,private_investment,,,2.81,,,,,,,,0.02,0.075,0.17,,,,,,Funding-mix shares; categories overlap and need not sum to 100%.
cash_noncash_five_year,FY-MIX-debt,,,debt,,,1.5,,,,,,,,0.01,0.04,0.1,,,,,,Funding-mix shares; categories overlap and need not sum to 100%.
cash_noncash_five_year,FY-MIX-operator_capital,,,operator_capital,,,1.5,,,,,,,,0.02,0.04,0.08,,,,,,Funding-mix shares; categories overlap and need not sum to 100%.
cash_noncash_five_year,FY-MIX-protected_reserves,,,protected_reserves,,,4.01,,,,,,,,0.08,0.107,0.15,,,,,,Funding-mix shares; categories overlap and need not sum to 100%.
governance_protections,GOV-01,,,no_investor_ownership_of_citizen_data,proposed_mandatory,,,,,,,,,,,,,,,,,,Pending counsel and owner approval
governance_protections,GOV-02,,,no_investment_linked_civic_voting_power,proposed_mandatory,,,,,,,,,,,,,,,,,,Pending counsel and owner approval
governance_protections,GOV-03,,,no_unilateral_investor_control,proposed_mandatory,,,,,,,,,,,,,,,,,,Pending counsel and owner approval
governance_protections,GOV-04,,,ownership_and_voting_caps_on_commercial_entity,proposed_mandatory,,,,,,,,,,,,,,,,,,Pending counsel and owner approval
governance_protections,GOV-05,,,mission_lock_constitutional,proposed_mandatory,,,,,,,,,,,,,,,,,,Pending counsel and owner approval
governance_protections,GOV-06,,,independent_directors_or_trustees,proposed_mandatory,,,,,,,,,,,,,,,,,,Pending counsel and owner approval
governance_protections,GOV-07,,,reserved_public_interest_matters,proposed_mandatory,,,,,,,,,,,,,,,,,,Pending counsel and owner approval
governance_protections,GOV-08,,,conflict_of_interest_controls,proposed_mandatory,,,,,,,,,,,,,,,,,,Pending counsel and owner approval
governance_protections,GOV-09,,,transparent_related_party_transactions,proposed_mandatory,,,,,,,,,,,,,,,,,,Pending counsel and owner approval
governance_protections,GOV-10,,,independent_valuation_and_audit,proposed_mandatory,,,,,,,,,,,,,,,,,,Pending counsel and owner approval
governance_protections,GOV-11,,,separation_of_commercial_and_public_funds,proposed_mandatory,,,,,,,,,,,,,,,,,,Pending counsel and owner approval
governance_protections,GOV-12,,,no_payout_from_restricted_grants,proposed_mandatory,,,,,,,,,,,,,,,,,,Pending counsel and owner approval
governance_protections,GOV-13,,,no_payout_while_continuity_reserves_below_policy,proposed_mandatory,,,,,,,,,,,,,,,,,,Pending counsel and owner approval
governance_protections,GOV-14,,,clawback_for_fraud_or_material_misrepresentation,proposed_mandatory,,,,,,,,,,,,,,,,,,Pending counsel and owner approval
assumptions,A1,,,assumption,,,,,,,,,L-M,,,,,,,,,,Commercial revenue is optional value-added; essential civic access free for natural persons
assumptions,A2,,,assumption,,,,,,,,,L-M,,,,,,,,,,Legal-entity transaction fees are cost-recovery and excluded from investor profit base
assumptions,A3,,,assumption,,,,,,,,,L-M,,,,,,,,,,Foundation/steward restricted funds never pay investors
assumptions,A4,,,assumption,,,,,,,,,L-M,,,,,,,,,,15-year horizon is investor CF analysis — not an approved 15-year Civizen budget
assumptions,A5,,,assumption,,,,,,,,,L-M,,,,,,,,,,Adoption paths illustrative and low confidence; not manufactured solely for attractive IRR
assumptions,A6,,,assumption,,,,,,,,,L-M,,,,,,,,,,USD; conversion-date aligned to 2026-08-10 models; doc 11 notes 3% escalation
assumptions,A7,,,assumption,,,,,,,,,L-M,,,,,,,,,,Tax 22% illustrative on taxable commercial profit — jurisdiction TBD (D6 unresolved)
assumptions,A8,,,assumption,,,,,,,,,L-M,,,,,,,,,,Debt ~20% of commercial capital; ~10y annuity at 8% from Y3 — illustrative
assumptions,A9,,,assumption,,,,,,,,,L-M,,,,,,,,,,Legacy token/distribution/capital-ledger percentage formulas HISTORICAL/UNAPPROVED
assumptions,A10,,,assumption,,,,,,,,,L-M,,,,,,,,,,Receiving entity/fiscal pathway unresolved (17 D6); no securities offering authorized
owner_decision_sheet,D-CS-01,,,public_commercial_separation,provisional_unapproved,,,,,,,,,,,,,,,,,,"PROVISIONAL: separate public-interest steward, commercial services entity, operator vehicles, independent oversight"
owner_decision_sheet,D-CS-02,,,addressable_private_capital_5y,provisional_unapproved,,,,,,,,,,,,,,,,,,PROVISIONAL MODEL: ~$0.9B / ~$2.8B / ~$6.3B low/base/high — not approved raise
owner_decision_sheet,D-CS-03,,,payout_base,provisional_unapproved,,,,,,,,,,,,,,,,,,PROVISIONAL: eligible distributable commercial CF after mandatory costs/reserves/debt/reinvestment
owner_decision_sheet,D-CS-04,,,investor_contributor_pools,provisional_unapproved,,,,,,,,,,,,,,,,,,"TESTED 5/5, 10/10, 15/15 of distributable CF — NOT adopted; planning case 10/10 with step-down"
owner_decision_sheet,D-CS-05,,,instruments_to_pursue_research,provisional_unapproved,,,,,,,,,,,,,,,,,,Commercial equity/preferred; operator project finance; capped RR; blended first-loss; availability concessions — counsel required
