section,row_id,vehicle,scenario,instrument,label,active_users_m,amount_usd_m,amount_usd_b,pct,rpu_usd,margin,irr,moic,payback_years,tv_dependent,confidence,evidence_class,value_1,value_2,value_3,value_4,value_5,notes
meta,META-01,,,,disclaimer,,,,,,,,,,,,,,,,,,"Scenario redesign model. Not an offer, solicitation, return guarantee, or approved payout policy. Preserves doc20 finding that undifferentiated $800M equity ~0.3x MOIC without TV is unattractive. No app finance changes."
meta,META-02,,,,prior_finding_preserved,,,,,,,,,,,,,,,,,,Doc20 base: ~$21.3B 15y commercial gross; ~$3.5B distributable; $800M equity ~0.31x MOIC / negative IRR without TV; ~5.4x/~15% IRR with speculative TV. Not concealed.
platform_benchmarks,BM-META,,,,Meta Platforms FY2025,3.58B Family DAP (Dec 2025 avg),,200.97,,57.03,,,,,,H,benchmark_disclosure,196.18,83.28,60.46,~21y from Facebook founding (2004),Advertising (~98% of rev),Behavioral ads at planetary engagement; not public-interest civic infra; Reality Labs drag; different mission/data rules
platform_benchmarks,BM-GOOG,,,,Alphabet/Google FY2025,Search/YouTube MAU not single DAP; Search dominant,,402.84,,n/a_single,,,,,,H,benchmark_disclosure,294.7,129.04,132.17,~27y from Google founding (1998),Search/YouTube/Network ads + Cloud + subscriptions,Ad auction + intent data; Cloud enterprise; not civic identity steward
platform_benchmarks,BM-LI,,,,LinkedIn (MSFT FY25),~1B+ members (company disclosures vary),,17.81,,~18,,,,,,H,benchmark_disclosure,mixed_ads_talent_prem,n/a_segment,n/a,~22y (2003) / MSFT owned since 2016,"Talent solutions, premium, advertising, learning",Professional network; closest soft comparator for jobs/directory; not government infra
platform_benchmarks,BM-AMZ,,,,Amazon marketplace (illustrative),Hundreds of millions buyers,,,,n/a,,,,,,M,benchmark_disclosure,n/a,n/a,n/a,~30y,Third-party seller fees + FBA (take rate often cited ~8–15% referral + services),Commerce marketplace; Civizen B2B/discovery only; no personal-data ads
platform_benchmarks,BM-VISA,,,,Visa FY2025 (approx),Billions of cards/accounts network,,35.9,,n/a,,,,,,M,benchmark_disclosure,0,high_50pct+,n/a,~60y+,Network fees on payment volume (not consumer ARPU ads),Payments network; Civizen fee policy: personal $0; legal-entity cost-recovery ≠ Visa model
platform_benchmarks,BM-MA,,,,Mastercard CY2025,Global card network,,32.8,,n/a,,,,,,H,benchmark_disclosure,0,18.9,15.0,~60y+,Payment network + value-added services,Same as Visa: not Civizen citizen-fee model
platform_benchmarks,BM-OKTA,,,,Okta (identity SaaS illustrative),Thousands of enterprise customers,,,,high_per_customer,,,,,,M,benchmark_disclosure,0,saas_margin,n/a,~15y,Enterprise identity subscription,Closest enterprise identity commercial comparator; Civizen identity core is public-interest / not mandatory-access profit
platform_benchmarks,BM-GOVTECH,,,,Gov/institutional tech providers (class),Agency customers,,,,contract,,,,,,M,benchmark_disclosure,0,services_10_25pct,n/a,varies,"Procurement, SI, SaaS to government",Jurisdiction vehicles closest; political/procurement risk; not ad platforms
platform_benchmarks,BM-NOTE,,,,sources_and_caution,,,,,,,,,,,,,,,,,,"Meta FY2025: rev $200.97B, ads $196.18B, opinc $83.28B, NI $60.46B, DAP 3.58B, ARPP $57.03 (SEC). Alphabet FY2025: rev $402.84B, opinc $129.04B, NI $132.17B; ads Search~$224.6B + YT ads~$40.4B + Network~$29.7B. LinkedIn MSFT FY25 $17.81B. Mastercard 2025 net rev $32.8B, opinc $18.9B. Do NOT use Meta ARPP as Civizen base case."
ad_discovery_streams,AD-CTX,V-DISC,,,Contextual advertising,,,,,,0.55,,,,,L-M,adoption_sensitive,Businesses/marketers,Optional commercial surfaces only,CPM/CPC,active users on commercial surfaces,"Governance, voting, justice, identity credential, health, benefits eligibility, education records of minors",consent=Opt-in commercial profile; easy mute/block; targeting_data=Context of page/listing category only; prohibited_data=health/political/voting/justice/identity/financial/gov-service records
ad_discovery_streams,AD-DIR,V-DISC,,,Business-directory promotion,,,,,,0.6,,,,,L-M,adoption_sensitive,Local/global businesses,Directory / Market discovery,Subscription or CPC,directory impressions,Same protected contexts,consent=Business account verification; targeting_data=Business category + location claimed by advertiser; prohibited_data=sensitive personal attributes
ad_discovery_streams,AD-SPL,V-DISC,,,Sponsored marketplace listings,,,,,,0.5,,,,,L-M,adoption_sensitive,Sellers (legal entities),Market listings,CPC or % boost fee on B2B,listing views,Personal-capacity essential listings free of paid rank bias for necessities if policy requires,consent=Seller disclosure badge; targeting_data=Listing metadata; prohibited_data=personal data sale
ad_discovery_streams,AD-SEARCH,V-DISC,,,Commercial search placement,,,,,,0.55,,,,,L-M,adoption_sensitive,Businesses,Optional commercial search lanes,Auction CPC,commercial queries,Civic/law/governance search,consent=Clear Ad label; targeting_data=Query + commercial vertical; prohibited_data=identity/gov records
ad_discovery_streams,AD-JOBS,V-DISC,,,Job and opportunity promotion,,,,,,0.5,,,,,L-M,adoption_sensitive,Employers,Jobs lane,CPC or slot fee,job seekers on Jobs,Public employment benefits adjudication UI,consent=Employer verified; targeting_data=Job category/location; prohibited_data=protected class inferences for exclusionary targeting
ad_discovery_streams,AD-EDU,V-DISC,,,Educational/professional promotion,,,,,,0.55,,,,,L-M,adoption_sensitive,Schools/training providers,Study commercial lane,CPC/subscription,learner commercial surfaces,Mandatory public education eligibility,consent=Institution verified; disclosure; targeting_data=Course topic; prohibited_data=student sensitive records
ad_discovery_streams,AD-LOCAL,V-DISC,,,Local commercial discovery,,,,,,0.5,,,,,L-M,adoption_sensitive,Local businesses,Local Market,CPC/geo-sub,local active users,Emergency/public-service maps,consent=Geo consent for commercial; targeting_data=Self-declared service area; prohibited_data=precise location for civic surveillance
ad_discovery_streams,AD-PROC,V-DISC,,,Institutional procurement notices,,,,,,0.4,,,,,L-M,adoption_sensitive,Governments/institutions,Procurement board,Listing fee or free+premium,vendor accounts,Must not paywall mandatory public notices,consent=Public transparency rules; targeting_data=Notice metadata; prohibited_data=bidder personal data misuse
ad_discovery_streams,AD-3P,V-DISC,,,Ads in optional third-party commercial apps,,,,,,0.45,,,,,L-M,adoption_sensitive,App publishers / marketers,Certified commercial app surfaces,Rev-share,3P commercial MAU,Core civic apps; identity wallet,consent=Publisher policy + user controls; targeting_data=App-declared context; prohibited_data=Civizen core sensitive stores
ad_discovery_streams,AD-MEAS,V-DISC,,,Privacy-preserving aggregate measurement,,,,,,0.7,,,,,L-M,adoption_sensitive,Marketers,Reporting API,Included or SaaS fee,campaigns,No individual re-identification,consent=Contractual DPAs; targeting_data=Aggregates/differential privacy; prohibited_data=raw event-level personal data
prohibited_monetization,PROH-sale_of_personal_data,,,,sale_of_personal_data,,,,,,,,,,,,prohibited,,,,,,Hard exclude from all scenarios
prohibited_monetization,PROH-health_political_voting_,,,,health_political_voting_justice_identity_financial_gov_records_targeting,,,,,,,,,,,,prohibited,,,,,,Hard exclude from all scenarios
prohibited_monetization,PROH-political_microtargeting,,,,political_microtargeting,,,,,,,,,,,,prohibited,,,,,,Hard exclude from all scenarios
prohibited_monetization,PROH-paid_influence_over_gove,,,,paid_influence_over_governance,,,,,,,,,,,,prohibited,,,,,,Hard exclude from all scenarios
prohibited_monetization,PROH-ads_affecting_public_ser,,,,ads_affecting_public_service_eligibility,,,,,,,,,,,,prohibited,,,,,,Hard exclude from all scenarios
prohibited_monetization,PROH-undisclosed_sponsored_co,,,,undisclosed_sponsored_content,,,,,,,,,,,,prohibited,,,,,,Hard exclude from all scenarios
prohibited_monetization,PROH-mandatory_citizen_fees,,,,mandatory_citizen_fees,,,,,,,,,,,,prohibited,,,,,,Hard exclude from all scenarios
prohibited_monetization,PROH-addictive_engagement_req,,,,addictive_engagement_requirements,,,,,,,,,,,,prohibited,,,,,,Hard exclude from all scenarios
prohibited_monetization,PROH-preferential_treatment_i,,,,preferential_treatment_in_audit_justice_regulation_civic_decisions,,,,,,,,,,,,prohibited,,,,,,Hard exclude from all scenarios
vehicles,V-ENT,V-ENT,,,Commercial enterprise-services company,,,0.7,,,,,,,,L,architecture,0.25,0.7,1.4,,,"assets=Enterprise APIs, integrations, workflow tools, training IP (commercial), support org | customers=Enterprises, institutions, operators buying commercial support | revenue=API subs, SOWs, managed impl, workflows, TA | ownership=Separate commercial corp; mission lock; ownership caps | mission=No civic-vote control; no citizen-data assetization | deps=Public open standards/APIs from foundation | transfer=Arm-length license/royalty or cost-share for public reference components | coi=Board separation; related-party disclosure | exit=Trade sale / IPO of commercial only; no sale of citizen data or governance rights | investable=True"
vehicles,V-OPS,V-OPS,,,Operator and infrastructure vehicles (SPVs),,,0.9,,,,,,,,L,architecture,0.3,0.9,2.0,,,"assets=Regional hosting, SLAs, security ops capacity | customers=Jurisdictions, institutions, commercial tenants | revenue=Availability payments, hosting contracts, capacity reservations, managed security | ownership=Operator equity + project lenders; concession agreements | mission=Independence/diversity of operators; removal clauses | deps=Certification by independent function; federation standards | transfer=Certification fees per policy; infra not owning identity authority | coi=Operator independence tests | exit=Concession transfer; debt refinance; equity sale within caps | investable=True"
vehicles,V-JUR,V-JUR,,,Jurisdiction implementation vehicles,,,0.5,,,,,,,,L,architecture,0.15,0.5,1.2,,,"assets=Delivery teams, migration tooling commercial layer, local support | customers=Governments / agencies via procurement | revenue=Procurement milestones, maintenance, training | ownership=Local delivery JV or contractor; often public co-finance | mission=Cannot sell governmental authority | deps=Legal feasibility; J participation instruments | transfer=Use of public standards; no exclusive lock on public data | coi=Procurement integrity | exit=Contract completion; limited residual equity | investable=True"
vehicles,V-DISC,V-DISC,,,Commercial discovery & marketplace services company,,,0.35,,,,,,,,L,architecture,0.1,0.35,0.9,,,"assets=Ad/discovery platform for permitted commercial surfaces; seller tools | customers=Businesses, employers, educators (commercial), local merchants | revenue=Contextual ads, sponsored listings, commercial search, jobs promo | ownership=Commercial subsidiary or affiliate of V-ENT | mission=Strict prohibited-context walls; disclosure; no sensitive targeting | deps=User base from public platform; must not degrade civic UX | transfer=Platform access fee / revenue share to foundation for commons upkeep (policy TBD) | coi=Editorial/civic separation | exit=Same as commercial; policy breach = clawback | investable=True"
vehicles,V-SEC-EDU,V-SEC-EDU,,,Sector venture: education & credentials (commercial layer),,,0.15,,,,,,,,L,architecture,0.05,0.15,0.4,,,"assets=Credential verification SaaS for employers/schools (optional) | customers=Universities, employers, training orgs | revenue=Verification API, premium issuer tools | ownership=Sector JV or product line under V-ENT | mission=No paywall on person viewing own credentials; no student-record ads | deps=Public credential standards | transfer=Standards from foundation | coi=Accreditation independence | exit=Product line sale | investable=True"
vehicles,V-SEC-EMP,V-SEC-EMP,,,Sector venture: business & employment services,,,0.2,,,,,,,,L,architecture,0.05,0.2,0.5,,,"assets=Employer tools, hiring promo, B2B directory | customers=Employers, staffing firms | revenue=Job promo, recruiter seats, B2B listings | ownership=Under V-ENT/V-DISC | mission=No discrimination tooling; disclose sponsored jobs | deps=Jobs lane UX | transfer=Shared with discovery vehicle | coi=Labor-rights review | exit=Product line sale | investable=True"
vehicles,V-FOUND,V-FOUND,,,Public-interest foundation / steward,,,0,,,,,,,,L,architecture,0,0,0,,,"assets=Constitution, open standards, public reference code, grants, HR protections | customers=Public / grantors (not investors) | revenue=Grants, gifts — NOT investor distributions | ownership=Nonprofit/steward governance | mission=Mission lock; no private investor payouts from restricted funds | deps=n/a | transfer=Receives commons contribution from commercial vehicles | coi=Independent from commercial boards on reserved matters | exit=n/a — perpetual steward | investable=False"
vehicles,V-OVR,V-OVR,,,Independent oversight & assurance,,,0,,,,,,,,L,architecture,0,0,0,,,"assets=Review panels, assurance contracts administration | customers=n/a | revenue=Ring-fenced assessments/grants | ownership=Independent | mission=Protected from investor control | deps=D7 escrow | transfer=None to investors | coi=SoD | exit=n/a | investable=False"
investable_reassessment,INV-REV-TOTAL,,,,revised_private_capital_by_vehicle_sum,,,2.8,,,,,,,,,,0.9,2.8,6.4,,,Revised L/B/H $0.90B/$2.80B/$6.40B assignable to vehicles with customers/revenue. Prior doc20 $0.9/$2.8/$6.3 included looser blended. Catalytic first-loss additional $0.1–1.0B not counted as return-seeking equity.
vehicle_capital_stack,STK-V-ENT-grants_ta,V-ENT,base,grants_ta,,,,0.05,,,,,,,,L,,,,,,,Base stack illustration; cheaper contract debt preferred over high-risk equity for contracted CF
vehicle_capital_stack,STK-V-ENT-senior_debt,V-ENT,base,senior_debt,,,,0.15,,,,,,,,L,,,,,,,Base stack illustration; cheaper contract debt preferred over high-risk equity for contracted CF
vehicle_capital_stack,STK-V-ENT-preferred_equity,V-ENT,base,preferred_equity,,,,0.2,,,,,,,,L,,,,,,,Base stack illustration; cheaper contract debt preferred over high-risk equity for contracted CF
vehicle_capital_stack,STK-V-ENT-common_equity,V-ENT,base,common_equity,,,,0.25,,,,,,,,L,,,,,,,Base stack illustration; cheaper contract debt preferred over high-risk equity for contracted CF
vehicle_capital_stack,STK-V-ENT-capped_rr,V-ENT,base,capped_rr,,,,0.05,,,,,,,,L,,,,,,,Base stack illustration; cheaper contract debt preferred over high-risk equity for contracted CF
vehicle_capital_stack,STK-V-OPS-public_first_loss,V-OPS,base,public_first_loss,,,,0.15,,,,,,,,L,,,,,,,Base stack illustration; cheaper contract debt preferred over high-risk equity for contracted CF
vehicle_capital_stack,STK-V-OPS-guarantees,V-OPS,base,guarantees,,,,0.05,,,,,,,,L,,,,,,,Base stack illustration; cheaper contract debt preferred over high-risk equity for contracted CF
vehicle_capital_stack,STK-V-OPS-senior_debt,V-OPS,base,senior_debt,,,,0.4,,,,,,,,L,,,,,,,Base stack illustration; cheaper contract debt preferred over high-risk equity for contracted CF
vehicle_capital_stack,STK-V-OPS-subordinated_debt,V-OPS,base,subordinated_debt,,,,0.1,,,,,,,,L,,,,,,,Base stack illustration; cheaper contract debt preferred over high-risk equity for contracted CF
vehicle_capital_stack,STK-V-OPS-operator_equity,V-OPS,base,operator_equity,,,,0.15,,,,,,,,L,,,,,,,Base stack illustration; cheaper contract debt preferred over high-risk equity for contracted CF
vehicle_capital_stack,STK-V-OPS-strategic,V-OPS,base,strategic,,,,0.05,,,,,,,,L,,,,,,,Base stack illustration; cheaper contract debt preferred over high-risk equity for contracted CF
vehicle_capital_stack,STK-V-JUR-public_cofinance,V-JUR,base,public_cofinance,,,,0.2,,,,,,,,L,,,,,,,Base stack illustration; cheaper contract debt preferred over high-risk equity for contracted CF
vehicle_capital_stack,STK-V-JUR-grants_ta,V-JUR,base,grants_ta,,,,0.05,,,,,,,,L,,,,,,,Base stack illustration; cheaper contract debt preferred over high-risk equity for contracted CF
vehicle_capital_stack,STK-V-JUR-senior_contract_debt,V-JUR,base,senior_contract_debt,,,,0.15,,,,,,,,L,,,,,,,Base stack illustration; cheaper contract debt preferred over high-risk equity for contracted CF
vehicle_capital_stack,STK-V-JUR-delivery_equity,V-JUR,base,delivery_equity,,,,0.1,,,,,,,,L,,,,,,,Base stack illustration; cheaper contract debt preferred over high-risk equity for contracted CF
vehicle_capital_stack,STK-V-DISC-common_equity,V-DISC,base,common_equity,,,,0.2,,,,,,,,L,,,,,,,Base stack illustration; cheaper contract debt preferred over high-risk equity for contracted CF
vehicle_capital_stack,STK-V-DISC-preferred_equity,V-DISC,base,preferred_equity,,,,0.08,,,,,,,,L,,,,,,,Base stack illustration; cheaper contract debt preferred over high-risk equity for contracted CF
vehicle_capital_stack,STK-V-DISC-capped_rr,V-DISC,base,capped_rr,,,,0.05,,,,,,,,L,,,,,,,Base stack illustration; cheaper contract debt preferred over high-risk equity for contracted CF
vehicle_capital_stack,STK-V-DISC-strategic,V-DISC,base,strategic,,,,0.02,,,,,,,,L,,,,,,,Base stack illustration; cheaper contract debt preferred over high-risk equity for contracted CF
vehicle_capital_stack,STK-V-SEC-EDU-common_equity,V-SEC-EDU,base,common_equity,,,,0.08,,,,,,,,L,,,,,,,Base stack illustration; cheaper contract debt preferred over high-risk equity for contracted CF
vehicle_capital_stack,STK-V-SEC-EDU-strategic,V-SEC-EDU,base,strategic,,,,0.04,,,,,,,,L,,,,,,,Base stack illustration; cheaper contract debt preferred over high-risk equity for contracted CF
vehicle_capital_stack,STK-V-SEC-EDU-grants_ta,V-SEC-EDU,base,grants_ta,,,,0.03,,,,,,,,L,,,,,,,Base stack illustration; cheaper contract debt preferred over high-risk equity for contracted CF
vehicle_capital_stack,STK-V-SEC-EMP-common_equity,V-SEC-EMP,base,common_equity,,,,0.1,,,,,,,,L,,,,,,,Base stack illustration; cheaper contract debt preferred over high-risk equity for contracted CF
vehicle_capital_stack,STK-V-SEC-EMP-preferred_equity,V-SEC-EMP,base,preferred_equity,,,,0.05,,,,,,,,L,,,,,,,Base stack illustration; cheaper contract debt preferred over high-risk equity for contracted CF
vehicle_capital_stack,STK-V-SEC-EMP-capped_rr,V-SEC-EMP,base,capped_rr,,,,0.05,,,,,,,,L,,,,,,,Base stack illustration; cheaper contract debt preferred over high-risk equity for contracted CF
target_return_classes,TRC-senior_contract_backed_debt,,,senior_contract_backed_debt,,,,,,,,,,,False,M,market_assumption,0.055,0.075,0.09,,,Infra/project debt comps; contracted CF
target_return_classes,TRC-subordinated_debt,,,subordinated_debt,,,,,,,,,,,False,M,market_assumption,0.09,0.12,0.15,,,Mezzanine / holdco debt comps
target_return_classes,TRC-infrastructure_equity,,,infrastructure_equity,,,,,,,,,,,True,M,market_assumption,0.08,0.12,0.15,,,Core infra equity target ranges
target_return_classes,TRC-preferred_commercial_equity,,,preferred_commercial_equity,,,,,,,,,,,True,M,market_assumption,0.08,0.12,0.16,,,Preferred with soft coupon + participation
target_return_classes,TRC-common_growth_equity,,,common_growth_equity,,,,,,,,,,,True,M,market_assumption,0.15,0.22,0.3,,,Growth equity / VC-like — often TV dependent
target_return_classes,TRC-capped_revenue_participation,,,capped_revenue_participation,,,,,,,,,,,False,M,market_assumption,0.08,0.12,0.15,,,Target IRR with hard MOIC cap 1.5–2.0x
target_return_classes,TRC-impact_concessionary,,,impact_concessionary,,,,,,,,,,,False,M,market_assumption,0.0,0.03,0.06,,,Below-market catalytic / first-loss
target_return_classes,TRC-strategic_access,,,strategic_access,,,,,,,,,,,True,M,market_assumption,0.05,0.1,0.12,,,Strategic may accept lower cash IRR for access
contract_backed_revenue,CR-API,V-ENT,,,Enterprise API subscriptions,,,,,,0.7,,,,,L,contract_backed,Enterprises,commercial_procurement,per_tenant_month,med,,Stream definition for underwriting. No invented signed customers.
contract_backed_revenue,CR-SOW,V-ENT,,,Integration/implementation SOWs,,,,,,0.28,,,,,L,contract_backed,Institutions,RFP/SOW,project,high,,Stream definition for underwriting. No invented signed customers.
contract_backed_revenue,CR-SUP,V-ENT,,,Recurring institutional support,,,,,,0.55,,,,,L,contract_backed,Institutions,MSA,annual,med,,Stream definition for underwriting. No invented signed customers.
contract_backed_revenue,CR-TRN,V-ENT,,,Training/TA,,,,,,0.45,,,,,L,contract_backed,J/institutions,PO,day_rate,low,,Stream definition for underwriting. No invented signed customers.
contract_backed_revenue,CR-AVL,V-OPS,,,Availability payments,,,,,,0.22,,,,,L,contract_backed,Governments,PPP/concession,availability,high,,Stream definition for underwriting. No invented signed customers.
contract_backed_revenue,CR-HOST,V-OPS,,,Managed hosting SLAs,,,,,,0.35,,,,,L,contract_backed,Institutions/operators,contract,node_month,med,,Stream definition for underwriting. No invented signed customers.
contract_backed_revenue,CR-SEC,V-OPS,,,Managed security ops,,,,,,0.3,,,,,L,contract_backed,Operators/J,contract,annual,med,,Stream definition for underwriting. No invented signed customers.
contract_backed_revenue,CR-JP,V-JUR,,,Jurisdiction implementation milestones,,,,,,0.18,,,,,L,contract_backed,Governments,procurement,milestone,high,,Stream definition for underwriting. No invented signed customers.
contract_backed_revenue,CR-MAINT,V-JUR,,,J maintenance agreements,,,,,,0.25,,,,,L,contract_backed,Governments,framework,annual,med,,Stream definition for underwriting. No invented signed customers.
contract_backed_revenue,CR-EDU,V-SEC-EDU,,,Credential verification SaaS,,,,,,0.65,,,,,L,contract_backed,Employers/schools,subscription,per_verify,med,,Stream definition for underwriting. No invented signed customers.
contract_backed_revenue,CR-JOB,V-SEC-EMP,,,Recruiter/employer seats,,,,,,0.7,,,,,L,adoption_sensitive,Employers,subscription,seat,med,,Stream definition for underwriting. No invented signed customers.
vehicle_annual_revenue_midwave,VAR-V-ENT,V-ENT,midwave_y8,,,,,2.2,,,,,,,,L,mixed,0.8,2.2,4.5,,,$B/yr concurrent realistic mid-wave; JUR mostly public budgets — private investable is delivery equity slice only
vehicle_annual_revenue_midwave,VAR-V-OPS,V-OPS,midwave_y8,,,,,1.8,,,,,,,,L,mixed,0.6,1.8,4.0,,,$B/yr concurrent realistic mid-wave; JUR mostly public budgets — private investable is delivery equity slice only
vehicle_annual_revenue_midwave,VAR-V-JUR,V-JUR,midwave_y8,,,,,2.5,,,,,,,,L,mixed,1.0,2.5,5.0,,,$B/yr concurrent realistic mid-wave; JUR mostly public budgets — private investable is delivery equity slice only
vehicle_annual_revenue_midwave,VAR-V-DISC,V-DISC,midwave_y8,,,,,0.9,,,,,,,,L,mixed,0.2,0.9,2.5,,,$B/yr concurrent realistic mid-wave; JUR mostly public budgets — private investable is delivery equity slice only
vehicle_annual_revenue_midwave,VAR-V-SEC-EDU,V-SEC-EDU,midwave_y8,,,,,0.35,,,,,,,,L,mixed,0.1,0.35,0.8,,,$B/yr concurrent realistic mid-wave; JUR mostly public budgets — private investable is delivery equity slice only
vehicle_annual_revenue_midwave,VAR-V-SEC-EMP,V-SEC-EMP,midwave_y8,,,,,0.4,,,,,,,,L,mixed,0.1,0.4,1.0,,,$B/yr concurrent realistic mid-wave; JUR mostly public budgets — private investable is delivery equity slice only
vehicle_15y_gross_revenue,V15-V-ENT,V-ENT,,,,,,28.05,,,,,,,,L,scenario,10.2,28.05,57.38,,,
vehicle_15y_gross_revenue,V15-V-OPS,V-OPS,,,,,,22.95,,,,,,,,L,scenario,7.65,22.95,51.0,,,
vehicle_15y_gross_revenue,V15-V-JUR,V-JUR,,,,,,31.88,,,,,,,,L,scenario,12.75,31.88,63.75,,,
vehicle_15y_gross_revenue,V15-V-DISC,V-DISC,,,,,,11.47,,,,,,,,L,scenario,2.55,11.47,31.88,,,
vehicle_15y_gross_revenue,V15-V-SEC-EDU,V-SEC-EDU,,,,,,4.46,,,,,,,,L,scenario,1.28,4.46,10.2,,,
vehicle_15y_gross_revenue,V15-V-SEC-EMP,V-SEC-EMP,,,,,,5.1,,,,,,,,L,scenario,1.28,5.1,12.75,,,
vehicle_15y_gross_revenue,V15-TOTAL-VEHICLE,,,,sum_vehicle_15y_excluding_extra_billion_user_spike,,,103.91,,,,,,,,,,35.71,103.91,226.96,,,Vehicle bottom-up 15y ~$35.71/$103.91/$226.96B. Doc20 ~$21.3B is ENT-centric; multi-vehicle gross can exceed but JUR is mostly public CF not private equity. Lawful discovery can add more at population scale (see scale_scenarios).
scale_scenarios,SC-early_institutional-conservative,,conservative,,early_institutional,5,200,,,40,0.05,,,,,L,contract_backed,400,30.0,170.0,5.5,,annual $M; op_margin=0.05; inv5=0.3; inv10=0.6; inv15=0.8; contrib same; rem_at_10_10=4.4
scale_scenarios,SC-early_institutional-base,,base,,early_institutional,5,400,,,80,0.1,,,,,L,contract_backed,750,60.0,340.0,22.0,,annual $M; op_margin=0.1; inv5=1.1; inv10=2.2; inv15=3.3; contrib same; rem_at_10_10=17.6
scale_scenarios,SC-early_institutional-high,,high,,early_institutional,5,750,,,150,0.15,,,,,L,contract_backed,1250,112.5,637.5,61.9,,annual $M; op_margin=0.15; inv5=3.1; inv10=6.2; inv15=9.3; contrib same; rem_at_10_10=49.5
scale_scenarios,SC-100m-conservative,,conservative,,100m,100,300,,,3,0.12,,,,,L,adoption_sensitive,8000,135.0,165.0,19.8,,annual $M; op_margin=0.12; inv5=1.0; inv10=2.0; inv15=3.0; contrib same; rem_at_10_10=15.8
scale_scenarios,SC-100m-base,,base,,100m,100,800,,,8,0.18,,,,,L,adoption_sensitive,15000,360.0,440.0,79.2,,annual $M; op_margin=0.18; inv5=4.0; inv10=7.9; inv15=11.9; contrib same; rem_at_10_10=63.4
scale_scenarios,SC-100m-high,,high,,100m,100,1800,,,18,0.25,,,,,L,adoption_sensitive,25000,810.0,990.0,247.5,,annual $M; op_margin=0.25; inv5=12.4; inv10=24.8; inv15=37.1; contrib same; rem_at_10_10=198.0
scale_scenarios,SC-500m-conservative,,conservative,,500m,500,2000,,,4,0.15,,,,,L,adoption_sensitive,40000,900.0,1100.0,165.0,,annual $M; op_margin=0.15; inv5=8.2; inv10=16.5; inv15=24.8; contrib same; rem_at_10_10=132.0
scale_scenarios,SC-500m-base,,base,,500m,500,5000,,,10,0.22,,,,,L,adoption_sensitive,75000,2250.0,2750.0,605.0,,annual $M; op_margin=0.22; inv5=30.2; inv10=60.5; inv15=90.8; contrib same; rem_at_10_10=484.0
scale_scenarios,SC-500m-high,,high,,500m,500,11000,,,22,0.3,,,,,L,adoption_sensitive,125000,4950.0,6050.0,1815.0,,annual $M; op_margin=0.3; inv5=90.8; inv10=181.5; inv15=272.2; contrib same; rem_at_10_10=1452.0
scale_scenarios,SC-1b-conservative,,conservative,,1b,1000,5000,,,5,0.15,,,,,L,adoption_sensitive,80000,2250.0,2750.0,412.5,,annual $M; op_margin=0.15; inv5=20.6; inv10=41.2; inv15=61.9; contrib same; rem_at_10_10=330.0
scale_scenarios,SC-1b-base,,base,,1b,1000,12000,,,12,0.22,,,,,L,adoption_sensitive,150000,5400.0,6600.0,1452.0,,annual $M; op_margin=0.22; inv5=72.6; inv10=145.2; inv15=217.8; contrib same; rem_at_10_10=1161.6
scale_scenarios,SC-1b-high,,high,,1b,1000,28000,,,28,0.3,,,,,L,adoption_sensitive,250000,12600.0,15400.0,4620.0,,annual $M; op_margin=0.3; inv5=231.0; inv10=462.0; inv15=693.0; contrib same; rem_at_10_10=3696.0
scale_scenarios,SC-2b-conservative,,conservative,,2b,2000,12000,,,6,0.15,,,,,L,adoption_sensitive,160000,5400.0,6600.0,990.0,,annual $M; op_margin=0.15; inv5=49.5; inv10=99.0; inv15=148.5; contrib same; rem_at_10_10=792.0
scale_scenarios,SC-2b-base,,base,,2b,2000,28000,,,14,0.22,,,,,L,adoption_sensitive,300000,12600.0,15400.0,3388.0,,annual $M; op_margin=0.22; inv5=169.4; inv10=338.8; inv15=508.2; contrib same; rem_at_10_10=2710.4
scale_scenarios,SC-2b-high,,high,,2b,2000,64000,,,32,0.3,,,,,L,adoption_sensitive,500000,28800.0,35200.0,10560.0,,annual $M; op_margin=0.3; inv5=528.0; inv10=1056.0; inv15=1584.0; contrib same; rem_at_10_10=8448.0
scale_scenarios,SC-4b-conservative,,conservative,,4b,4000,28000,,,7,0.15,,,,,L,adoption_sensitive,320000,12600.0,15400.0,2310.0,,annual $M; op_margin=0.15; inv5=115.5; inv10=231.0; inv15=346.5; contrib same; rem_at_10_10=1848.0
scale_scenarios,SC-4b-base,,base,,4b,4000,64000,,,16,0.22,,,,,L,adoption_sensitive,600000,28800.0,35200.0,7744.0,,annual $M; op_margin=0.22; inv5=387.2; inv10=774.4; inv15=1161.6; contrib same; rem_at_10_10=6195.2
scale_scenarios,SC-4b-high,,high,,4b,4000,144000,,,36,0.3,,,,,L,adoption_sensitive,1000000,64800.0,79200.0,23760.0,,annual $M; op_margin=0.3; inv5=1188.0; inv10=2376.0; inv15=3564.0; contrib same; rem_at_10_10=19008.0
scale_scenarios,SC-worldwide_higher-conservative,,conservative,,worldwide_higher,5500,44000,,,8,0.15,,,,,L,adoption_sensitive,440000,19800.0,24200.0,3630.0,,annual $M; op_margin=0.15; inv5=181.5; inv10=363.0; inv15=544.5; contrib same; rem_at_10_10=2904.0
scale_scenarios,SC-worldwide_higher-base,,base,,worldwide_higher,5500,99000,,,18,0.22,,,,,L,adoption_sensitive,825000,44550.0,54450.0,11979.0,,annual $M; op_margin=0.22; inv5=599.0; inv10=1197.9; inv15=1796.8; contrib same; rem_at_10_10=9583.2
scale_scenarios,SC-worldwide_higher-high,,high,,worldwide_higher,5500,220000,,,40,0.3,,,,,L,adoption_sensitive,1375000,99000.0,121000.0,36300.0,,annual $M; op_margin=0.3; inv5=1815.0; inv10=3630.0; inv15=5445.0; contrib same; rem_at_10_10=29040.0
scale_pools_base_rpu,POOL-early_institutional-5,,base,,early_institutional,5,22.0,,0.05,80,,,,,,L,adoption_sensitive,1.1,1.1,19.8,,,Annual distributable at steady scale. value_1=investor pool; value_2=contributor pool; value_3=remainder.
scale_pools_base_rpu,POOL-early_institutional-10,,base,,early_institutional,5,22.0,,0.1,80,,,,,,L,adoption_sensitive,2.2,2.2,17.6,,,Annual distributable at steady scale. value_1=investor pool; value_2=contributor pool; value_3=remainder.
scale_pools_base_rpu,POOL-early_institutional-15,,base,,early_institutional,5,22.0,,0.15,80,,,,,,L,adoption_sensitive,3.3,3.3,15.4,,,Annual distributable at steady scale. value_1=investor pool; value_2=contributor pool; value_3=remainder.
scale_pools_base_rpu,POOL-100m-5,,base,,100m,100,79.2,,0.05,8,,,,,,L,adoption_sensitive,4.0,4.0,71.3,,,Annual distributable at steady scale. value_1=investor pool; value_2=contributor pool; value_3=remainder.
scale_pools_base_rpu,POOL-100m-10,,base,,100m,100,79.2,,0.1,8,,,,,,L,adoption_sensitive,7.9,7.9,63.4,,,Annual distributable at steady scale. value_1=investor pool; value_2=contributor pool; value_3=remainder.
scale_pools_base_rpu,POOL-100m-15,,base,,100m,100,79.2,,0.15,8,,,,,,L,adoption_sensitive,11.9,11.9,55.4,,,Annual distributable at steady scale. value_1=investor pool; value_2=contributor pool; value_3=remainder.
scale_pools_base_rpu,POOL-500m-5,,base,,500m,500,605.0,,0.05,10,,,,,,L,adoption_sensitive,30.2,30.2,544.5,,,Annual distributable at steady scale. value_1=investor pool; value_2=contributor pool; value_3=remainder.
scale_pools_base_rpu,POOL-500m-10,,base,,500m,500,605.0,,0.1,10,,,,,,L,adoption_sensitive,60.5,60.5,484.0,,,Annual distributable at steady scale. value_1=investor pool; value_2=contributor pool; value_3=remainder.
scale_pools_base_rpu,POOL-500m-15,,base,,500m,500,605.0,,0.15,10,,,,,,L,adoption_sensitive,90.8,90.8,423.5,,,Annual distributable at steady scale. value_1=investor pool; value_2=contributor pool; value_3=remainder.
scale_pools_base_rpu,POOL-1b-5,,base,,1b,1000,1452.0,,0.05,12,,,,,,L,adoption_sensitive,72.6,72.6,1306.8,,,Annual distributable at steady scale. value_1=investor pool; value_2=contributor pool; value_3=remainder.
scale_pools_base_rpu,POOL-1b-10,,base,,1b,1000,1452.0,,0.1,12,,,,,,L,adoption_sensitive,145.2,145.2,1161.6,,,Annual distributable at steady scale. value_1=investor pool; value_2=contributor pool; value_3=remainder.
scale_pools_base_rpu,POOL-1b-15,,base,,1b,1000,1452.0,,0.15,12,,,,,,L,adoption_sensitive,217.8,217.8,1016.4,,,Annual distributable at steady scale. value_1=investor pool; value_2=contributor pool; value_3=remainder.
scale_pools_base_rpu,POOL-2b-5,,base,,2b,2000,3388.0,,0.05,14,,,,,,L,adoption_sensitive,169.4,169.4,3049.2,,,Annual distributable at steady scale. value_1=investor pool; value_2=contributor pool; value_3=remainder.
scale_pools_base_rpu,POOL-2b-10,,base,,2b,2000,3388.0,,0.1,14,,,,,,L,adoption_sensitive,338.8,338.8,2710.4,,,Annual distributable at steady scale. value_1=investor pool; value_2=contributor pool; value_3=remainder.
scale_pools_base_rpu,POOL-2b-15,,base,,2b,2000,3388.0,,0.15,14,,,,,,L,adoption_sensitive,508.2,508.2,2371.6,,,Annual distributable at steady scale. value_1=investor pool; value_2=contributor pool; value_3=remainder.
scale_pools_base_rpu,POOL-4b-5,,base,,4b,4000,7744.0,,0.05,16,,,,,,L,adoption_sensitive,387.2,387.2,6969.6,,,Annual distributable at steady scale. value_1=investor pool; value_2=contributor pool; value_3=remainder.
scale_pools_base_rpu,POOL-4b-10,,base,,4b,4000,7744.0,,0.1,16,,,,,,L,adoption_sensitive,774.4,774.4,6195.2,,,Annual distributable at steady scale. value_1=investor pool; value_2=contributor pool; value_3=remainder.
scale_pools_base_rpu,POOL-4b-15,,base,,4b,4000,7744.0,,0.15,16,,,,,,L,adoption_sensitive,1161.6,1161.6,5420.8,,,Annual distributable at steady scale. value_1=investor pool; value_2=contributor pool; value_3=remainder.
scale_pools_base_rpu,POOL-worldwide_higher-5,,base,,worldwide_higher,5500,11979.0,,0.05,18,,,,,,L,adoption_sensitive,599.0,599.0,10781.1,,,Annual distributable at steady scale. value_1=investor pool; value_2=contributor pool; value_3=remainder.
scale_pools_base_rpu,POOL-worldwide_higher-10,,base,,worldwide_higher,5500,11979.0,,0.1,18,,,,,,L,adoption_sensitive,1197.9,1197.9,9583.2,,,Annual distributable at steady scale. value_1=investor pool; value_2=contributor pool; value_3=remainder.
scale_pools_base_rpu,POOL-worldwide_higher-15,,base,,worldwide_higher,5500,11979.0,,0.15,18,,,,,,L,adoption_sensitive,1796.9,1796.9,8385.3,,,Annual distributable at steady scale. value_1=investor pool; value_2=contributor pool; value_3=remainder.
scale_investor_returns,RET-100m-conservative,,conservative,investor_pool_10pct,100m,100,2.0,,,3,,0.0019,0.03,530.3,False,L,adoption_sensitive,,,,,,10% of annual distributable; capital $1050M ENT+DISC; constant-scale annuity (optimistic).
scale_investor_returns,RET-100m-base,,base,investor_pool_10pct,100m,100,7.9,,,8,,0.0075,0.11,132.6,False,L,adoption_sensitive,,,,,,10% of annual distributable; capital $1050M ENT+DISC; constant-scale annuity (optimistic).
scale_investor_returns,RET-100m-high,,high,investor_pool_10pct,100m,100,24.8,,,18,,0.0236,0.35,42.4,False,L,adoption_sensitive,,,,,,10% of annual distributable; capital $1050M ENT+DISC; constant-scale annuity (optimistic).
scale_investor_returns,RET-1b-conservative,,conservative,investor_pool_10pct,1b,1000,41.2,,,5,,0.0393,0.59,25.5,False,L,adoption_sensitive,,,,,,10% of annual distributable; capital $1050M ENT+DISC; constant-scale annuity (optimistic).
scale_investor_returns,RET-1b-base,,base,investor_pool_10pct,1b,1000,145.2,,,12,,0.1383,2.07,7.2,False,L,adoption_sensitive,,,,,,10% of annual distributable; capital $1050M ENT+DISC; constant-scale annuity (optimistic).
scale_investor_returns,RET-1b-high,,high,investor_pool_10pct,1b,1000,462.0,,,28,,0.44,6.6,2.3,False,L,adoption_sensitive,,,,,,10% of annual distributable; capital $1050M ENT+DISC; constant-scale annuity (optimistic).
scale_investor_returns,RET-4b-conservative,,conservative,investor_pool_10pct,4b,4000,231.0,,,7,,0.22,3.3,4.5,False,L,adoption_sensitive,,,,,,10% of annual distributable; capital $1050M ENT+DISC; constant-scale annuity (optimistic).
scale_investor_returns,RET-4b-base,,base,investor_pool_10pct,4b,4000,774.4,,,16,,0.7375,11.06,1.4,False,L,adoption_sensitive,,,,,,10% of annual distributable; capital $1050M ENT+DISC; constant-scale annuity (optimistic).
scale_investor_returns,RET-4b-high,,high,investor_pool_10pct,4b,4000,2376.0,,,36,,2.2629,33.94,0.4,False,L,adoption_sensitive,,,,,,10% of annual distributable; capital $1050M ENT+DISC; constant-scale annuity (optimistic).
meta_maturity_scenarios,MM-meta_ad_scale,,speculative_maturity,,meta_ad_scale,3500,192500,,,55,0.4,,60.5,0.2,False,L,speculative_maturity,42350.0,4235.0,4235.0,,,SPECULATIVE: Meta-scale ad intensity (~$55 RPU) + ~40% margin — not forecast
meta_maturity_scenarios,MM-meta_margin_only,,speculative_maturity,,meta_margin_only,2000,32000,,,16,0.4,,10.06,1.5,False,L,speculative_maturity,7040.0,704.0,704.0,,,SPECULATIVE: base RPU with Meta-like margins
meta_maturity_scenarios,MM-infra_adjusted_lower_margin,,speculative_maturity,,infra_adjusted_lower_margin,2000,32000,,,16,0.18,,4.53,3.3,False,L,speculative_maturity,3168.0,316.8,316.8,,,Public-infrastructure-adjusted lower margin
meta_maturity_scenarios,MM-privacy_contextual_only,,speculative_maturity,,privacy_contextual_only,2000,18000,,,9,0.2,,2.83,5.3,False,L,speculative_maturity,1980.0,198.0,198.0,,,Privacy-restricted contextual advertising only
instrument_returns_by_vehicle,IR-V-OPS-senior_debt,V-OPS,,senior_debt,,,400,,,,,0.07,1.0,10,False,L,contract_backed,,,,,,Availability-payment DSCR; no TV if contracts exist
instrument_returns_by_vehicle,IR-V-OPS-operator_equity,V-OPS,,operator_equity,,,150,,,,,tv_or_scale_dependent,scale_or_tv_dependent,,True,L,adoption_sensitive,,,,,,Infra equity; partial TV/concession terminal
instrument_returns_by_vehicle,IR-V-ENT-senior_debt,V-ENT,,senior_debt,,,150,,,,,0.08,1.0,8,False,L,contract_backed,,,,,,Against contracted MSA backlog
instrument_returns_by_vehicle,IR-V-ENT-preferred_equity,V-ENT,,preferred_equity,,,200,,,,,0.1,scale_or_tv_dependent,,True,L,adoption_sensitive,,,,,,Coupon + residual; partial TV
instrument_returns_by_vehicle,IR-V-ENT-common_equity,V-ENT,,common_equity,,,250,,,,,tv_or_scale_dependent,scale_or_tv_dependent,,True,L,adoption_sensitive,,,,,,Growth equity — TV heavy unless discovery scales
instrument_returns_by_vehicle,IR-V-JUR-senior_contract_debt,V-JUR,,senior_contract_debt,,,150,,,,,0.065,1.0,7,False,L,contract_backed,,,,,,Milestone/receivable finance
instrument_returns_by_vehicle,IR-V-JUR-delivery_equity,V-JUR,,delivery_equity,,,100,,,,,tv_or_scale_dependent,scale_or_tv_dependent,,True,L,adoption_sensitive,,,,,,Thin margin; TV limited
instrument_returns_by_vehicle,IR-V-DISC-capped_rr,V-DISC,,capped_rr,,,50,,,,,0.12,1.96,8,False,L,contract_backed,,,,,,Cap 1.8x; needs ad scale but no uncapped TV
instrument_returns_by_vehicle,IR-V-DISC-common_equity,V-DISC,,common_equity,,,200,,,,,tv_or_scale_dependent,scale_or_tv_dependent,,True,L,adoption_sensitive,,,,,,Ad-scale equity — TV or scale annuity
instrument_returns_by_vehicle,IR-DOC20-PRESERVE,V-ENT,,common_equity_undifferentiated_doc20,,,800,,,,,-0.114,0.31,none_in_15y,True,L-M,prior_finding,,,,,,PRESERVED: doc20 undifferentiated commercial equity without TV remains unattractive. Redesign allocates capital to contract-backed layers first.
attractiveness_thresholds,THR-01,,,,annual_distributable_for_12pct_cash_yield_on_1050m,,1260,,,,,,,,,,,,,,,,"At 10% investor pool, need ~$1.26B/yr distributable for ~12% cash yield on $1.05B ENT+DISC capital"
attractiveness_thresholds,THR-02,,,,users_at_12_rpu_base_margin,900,,,,12,,,,,,,,,,,,,~0.9–1.0B active users at ~$12 commercial RPU and ~22% op margin before 10% pool looks cash-competitive without TV
attractiveness_thresholds,THR-03,,,,years_to_threshold,,,,,,,,,12-20+,,,,,,,,,Path to 1B commercial-active users is multi-decade / speculative; contract-backed vehicles can return earlier
attractiveness_thresholds,THR-04,,,,reassessment_summary,,,,,,,,,,,,,,,,,,"WITH lawful ads/discovery: upside can exceed doc20 $21.3B IF scale materializes (technically possible). WITHOUT contracts, equity still weak. OPS/JUR debt can be attractive sooner. 10%/10% pools viable only after debt/preferred service AND sufficient surplus."
waterfall_redesign,WF-ORDER,,,,revised_waterfall_order,,,,,,,,,,,,,,,,,,1 protected liabilities+essential ops; 2 security/continuity reserves; 3 employee+contractual contributor compensation; 4 senior debt; 5 subordinated debt; 6 preferred return or capped investor recovery; 7 required reinvestment; 8 contributor participation pool (10% hyp); 9 mission-aligned investor surplus pool (10% hyp); 10 public-interest/ecosystem; 11 retained surplus.
waterfall_redesign,WF-START,,,,when_pools_begin,,,,,,,,,,,,,,,,,,Pools begin only when vehicle has positive surplus after steps 1–7; reserves at policy; debt current; preferably after preferred/capped RR progress. Not applied to grants or foundation.
waterfall_redesign,WF-ALT,,,,alternatives_tested,,,,,,,,,,,,,,,,,,Alt A: 10/10 from first positive year — underfunds reinvestment. Alt B preferred: 10/10 after capped recovery progress ≥50%. Alt C: 5/5 until Y10 then 10/10.
investment_stages,S0,,,grants,Validation & institutional formation,,,0.446,,,,,,,,L,,V-G gates,low,impact_concessionary,high,entity+assurance,Pathway; amounts illustrative base. S6 must disclose speculative scale/TV dependence.
investment_stages,S1,,,grants+small_commercial,Contracted demonstrator & technical services,,,0.08,,,,,,,,L,,demo SOWs,emerging,strategic_access,med,first MSA,Pathway; amounts illustrative base. S6 must disclose speculative scale/TV dependence.
investment_stages,S2,,,project_debt+equity,First operator/infrastructure vehicles,,,0.4,,,,,,,,L,,certified ops,availability_pipeline,senior_debt+infra_equity,med,DSCR evidence,Pathway; amounts illustrative base. S6 must disclose speculative scale/TV dependence.
investment_stages,S3,,,procurement+delivery_equity,Initial jurisdiction implementations,,,0.5,,,,,,,,L,,J instruments,milestones,contract_debt,med-high,completed pilots,Pathway; amounts illustrative base. S6 must disclose speculative scale/TV dependence.
investment_stages,S4,,,equity+debt,Enterprise-services commercialization,,,0.5,,,,,,,,L,,product-market,API ARR,preferred+common,med,ARR covenants,Pathway; amounts illustrative base. S6 must disclose speculative scale/TV dependence.
investment_stages,S5,,,mixed,Scaled operator & institutional deployment,,,1.5,,,,,,,,L,,multi-J,multi-stream,mixed,med,portfolio refinance,Pathway; amounts illustrative base. S6 must disclose speculative scale/TV dependence.
investment_stages,S6,,,growth_equity,Commercial discovery at population scale,,,0.5,,,,,,,,L,,policy+consent,ad RPU evidence,common_equity,high,disclose TV/scale dependence,Pathway; amounts illustrative base. S6 must disclose speculative scale/TV dependence.
contributor_participation,CP-01,,,,compensation_layers,,,,,,,,,,,,,,,,,,Salary/contract (step 3); grants/overhead; reimbursed in-kind; deferred contractual; milestones; surplus pool (step 8); commercial equity where lawful
contributor_participation,CP-02,,,,pool_allocation_method,,,,,,,,,,,,,,,,,,10% surplus pool by verified fair-value units × milestones × vesting; individual concentration caps; no civic governance purchase
contributor_participation,CP-03,,,,coexistence_with_capital,,,,,,,,,,,,,,,,,,10%+10% surplus pools coexist with competitive capital ONLY after debt/preferred/capped recovery — else recreates doc20 unattractiveness
readiness_gaps,GAP-01,,,,D6 receiving entity / fiscal pathway unresolved,,,,,,,,,,,,gap,,,,,,Blocks external investor presentation
readiness_gaps,GAP-02,,,,No signed availability-payment or MSA backlog for debt underwriting,,,,,,,,,,,,gap,,,,,,Blocks external investor presentation
readiness_gaps,GAP-03,,,,Securities counsel and offering docs absent,,,,,,,,,,,,gap,,,,,,Blocks external investor presentation
readiness_gaps,GAP-04,,,,Ad/discovery policy not adopted; prohibited-context enforcement unbuilt,,,,,,,,,,,,gap,,,,,,Blocks external investor presentation
readiness_gaps,GAP-05,,,,Transfer-pricing / commons contribution rates unset,,,,,,,,,,,,gap,,,,,,Blocks external investor presentation
readiness_gaps,GAP-06,,,,Independent assurance escrow not stood up (D7),,,,,,,,,,,,gap,,,,,,Blocks external investor presentation
readiness_gaps,GAP-07,,,,No audited vehicle financials,,,,,,,,,,,,gap,,,,,,Blocks external investor presentation
readiness_gaps,GAP-08,,,,Ownership caps / mission lock instruments undrafted,,,,,,,,,,,,gap,,,,,,Blocks external investor presentation
readiness_gaps,GAP-09,,,,External presentation of investable opportunity blocked until evidence gates met,,,,,,,,,,,,gap,,,,,,Blocks external investor presentation
required_conclusions,Q1,,,,genuinely_investable,,,,,,,,,,,,,,,,,,"V-ENT (partial), V-OPS, V-JUR delivery slice, V-DISC (policy-gated), V-SEC-EDU/EMP — NOT foundation/oversight/citizen-core"
required_conclusions,Q2,,,,capital_by_vehicle_base_b,,,,,,,,,,,,,,,,,,ENT 0.70; OPS 0.90; JUR 0.50; DISC 0.35; EDU 0.15; EMP 0.20; sum investable ~2.80
required_conclusions,Q3,,,,supports_contract_debt,,,,,,,,,,,,,,,,,,"Availability payments, hosting SLAs, procurement milestones, MSA backlog — OPS/JUR/ENT debt"
required_conclusions,Q4,,,,supports_commercial_equity,,,,,,,,,,,,,,,,,,"API/ARR growth, discovery/ads at scale, sector SaaS — ENT/DISC/SEC equity"
required_conclusions,Q5,,,,returns_without_TV,,,,,,,,,,,,,,,,,,Senior contract debt ~5.5–9% yield; capped RR if volume; preferred coupons if surplus; common equity weak without scale
required_conclusions,Q6,,,,returns_requiring_TV_or_scale,,,,,,,,,,,,,,,,,,Undifferentiated common equity (doc20); Meta-like maturity; growth equity upside
required_conclusions,Q7,,,,pools_10_10_coexist,,,,,,,,,,,,,,,,,,Yes only as post-contract surplus pools; No if applied early to thin CF
required_conclusions,Q8,,,,when_pools_begin,,,,,,,,,,,,,,,,,,After waterfall 1–7 and debt/preferred current; preferably after capped recovery progress
required_conclusions,Q9,,,,public_risk_sharing,,,,,,,,,,,,,,,,,,"First-loss, guarantees, TA grants, public co-finance on JUR/OPS"
required_conclusions,Q10,,,,evidence_before_external,,,,,,,,,,,,,,,,,,Entity+counsel; signed/procurable contracts; reserve policy; ad policy; audited vehicle model; no undisclosed TV reliance
